Using pre-set license
Built from '6000.0/staging' branch; Version is '6000.0.41f1 (46e447368a18) revision 4645959'; Using compiler version '193933523'; Build Type 'Release'
OS: 'Windows 10  (10.0.19045) 64bit Core' Language: 'ru' Physical Memory: 16332 MB
BatchMode: 1, IsHumanControllingUs: 0, StartBugReporterOnCrash: 0, Is64bit: 1, IsPro: 1

COMMAND LINE ARGUMENTS:
E:\Unity\6000.0.41f1\Editor\Unity.exe
-adb2
-batchMode
-noUpm
-name
AssetImportWorker0
-projectPath
H:/Pastor/Pastor
-logFile
Logs/AssetImportWorker0.log
-srvPort
54230
-job-worker-count
3
-background-job-worker-count
8
-gc-helper-count
1
Successfully changed project path to: H:/Pastor/Pastor
H:/Pastor/Pastor
[UnityMemory] Configuration Parameters - Can be set up in boot.config
    "memorysetup-bucket-allocator-granularity=16"
    "memorysetup-bucket-allocator-bucket-count=8"
    "memorysetup-bucket-allocator-block-size=33554432"
    "memorysetup-bucket-allocator-block-count=8"
    "memorysetup-main-allocator-block-size=16777216"
    "memorysetup-thread-allocator-block-size=16777216"
    "memorysetup-gfx-main-allocator-block-size=16777216"
    "memorysetup-gfx-thread-allocator-block-size=16777216"
    "memorysetup-cache-allocator-block-size=4194304"
    "memorysetup-typetree-allocator-block-size=2097152"
    "memorysetup-profiler-bucket-allocator-granularity=16"
    "memorysetup-profiler-bucket-allocator-bucket-count=8"
    "memorysetup-profiler-bucket-allocator-block-size=33554432"
    "memorysetup-profiler-bucket-allocator-block-count=8"
    "memorysetup-profiler-allocator-block-size=16777216"
    "memorysetup-profiler-editor-allocator-block-size=1048576"
    "memorysetup-temp-allocator-size-main=16777216"
    "memorysetup-job-temp-allocator-block-size=2097152"
    "memorysetup-job-temp-allocator-block-size-background=1048576"
    "memorysetup-job-temp-allocator-reduction-small-platforms=262144"
    "memorysetup-allocator-temp-initial-block-size-main=262144"
    "memorysetup-allocator-temp-initial-block-size-worker=262144"
    "memorysetup-temp-allocator-size-background-worker=32768"
    "memorysetup-temp-allocator-size-job-worker=262144"
    "memorysetup-temp-allocator-size-preload-manager=33554432"
    "memorysetup-temp-allocator-size-nav-mesh-worker=65536"
    "memorysetup-temp-allocator-size-audio-worker=65536"
    "memorysetup-temp-allocator-size-cloud-worker=32768"
    "memorysetup-temp-allocator-size-gi-baking-worker=262144"
    "memorysetup-temp-allocator-size-gi-baking-worker=262144"
    "memorysetup-temp-allocator-size-gi-baking-worker=262144"
    "memorysetup-temp-allocator-size-gi-baking-worker=262144"
    "memorysetup-temp-allocator-size-gi-baking-worker=262144"
    "memorysetup-temp-allocator-size-gfx=262144"
Player connection [908]  Target information:

Player connection [908]  * "[IP] 192.168.0.128 [Port] 0 [Flags] 2 [Guid] 3968703745 [EditorId] 3968703745 [Version] 1048832 [Id] WindowsEditor(7,DESKTOP-EGUTOS5) [Debug] 1 [PackageName] WindowsEditor [ProjectName] Editor" 

Player connection [908] Host joined multi-casting on [225.0.0.222:54997]...
Player connection [908] Host joined alternative multi-casting on [225.0.0.222:34997]...
JobSystem: Creating JobQueue using job-worker-count value 3
Input System module state changed to: Initialized.
[Physics::Module] Initialized fallback backend.
[Physics::Module] Id: 0xdecafbad
Library Redirect Path: Library/
[Physics::Module] Selected backend.
[Physics::Module] Name: PhysX
[Physics::Module] Id: 0xf2b8ea05
[Physics::Module] SDK Version: 4.1.2
[Physics::Module] Integration Version: 1.0.0
[Physics::Module] Threading Mode: Multi-Threaded
Refreshing native plugins compatible for Editor in 244.46 ms, found 12 plugins.
Preloading 1 native plugins for Editor in 0.82 ms.
Initialize engine version: 6000.0.41f1 (46e447368a18)
[Subsystems] Discovering subsystems at path E:/Unity/6000.0.41f1/Editor/Data/Resources/UnitySubsystems
[Subsystems] Discovering subsystems at path H:/Pastor/Pastor/Assets
GfxDevice: creating device client; kGfxThreadingModeNonThreaded
Direct3D:
    Version:  Direct3D 11.0 [level 11.1]
    Renderer: NVIDIA GeForce GTX 1060 6GB (ID=0x1c03)
    Vendor:   NVIDIA
    VRAM:     6029 MB
    Driver:   32.0.15.7640
Initialize mono
Mono path[0] = 'E:/Unity/6000.0.41f1/Editor/Data/Managed'
Mono path[1] = 'E:/Unity/6000.0.41f1/Editor/Data/MonoBleedingEdge/lib/mono/unityjit-win32'
Mono config path = 'E:/Unity/6000.0.41f1/Editor/Data/MonoBleedingEdge/etc'
Using monoOptions --debugger-agent=transport=dt_socket,embedding=1,server=y,suspend=n,address=127.0.0.1:56452
Begin MonoManager ReloadAssembly
Registering precompiled unity dll's ...
Register platform support module: E:/Unity/6000.0.41f1/Editor/Data/PlaybackEngines/WindowsStandaloneSupport/UnityEditor.WindowsStandalone.Extensions.dll
Registered in 0.004202 seconds.
- Loaded All Assemblies, in  0.568 seconds
Native extension for WindowsStandalone target not found
Mono: successfully reloaded assembly
- Finished resetting the current domain, in  0.463 seconds
Domain Reload Profiling: 1031ms
	BeginReloadAssembly (227ms)
		ExecutionOrderSort (0ms)
		DisableScriptedObjects (0ms)
		BackupInstance (0ms)
		ReleaseScriptingObjects (0ms)
		CreateAndSetChildDomain (1ms)
	RebuildCommonClasses (55ms)
	RebuildNativeTypeToScriptingClass (15ms)
	initialDomainReloadingComplete (62ms)
	LoadAllAssembliesAndSetupDomain (208ms)
		LoadAssemblies (227ms)
		RebuildTransferFunctionScriptingTraits (0ms)
		AnalyzeDomain (203ms)
			TypeCache.Refresh (202ms)
				TypeCache.ScanAssembly (181ms)
			BuildScriptInfoCaches (0ms)
			ResolveRequiredComponents (0ms)
	FinalizeReload (464ms)
		ReleaseScriptCaches (0ms)
		RebuildScriptCaches (0ms)
		SetupLoadedEditorAssemblies (399ms)
			LogAssemblyErrors (0ms)
			InitializePlatformSupportModulesInManaged (32ms)
			SetLoadedEditorAssemblies (6ms)
			BeforeProcessingInitializeOnLoad (70ms)
			ProcessInitializeOnLoadAttributes (213ms)
			ProcessInitializeOnLoadMethodAttributes (77ms)
			AfterProcessingInitializeOnLoad (0ms)
			EditorAssembliesLoaded (0ms)
		ExecutionOrderSort2 (0ms)
		AwakeInstancesAfterBackupRestoration (0ms)
========================================================================
Worker process is ready to serve import requests
Import Worker Mode flag is 0x00
Begin MonoManager ReloadAssembly
- Loaded All Assemblies, in  1.266 seconds
Refreshing native plugins compatible for Editor in 15.71 ms, found 12 plugins.
Native extension for WindowsStandalone target not found
Package Manager log level set to [2]
[Package Manager] Failed to launch server process. Reason: Unity was launched with the -noUpm command-line argument
[Package Manager] Unable to send message (not connected to server process).
[Package Manager] Cannot connect to Unity Package Manager local server
System.NullReferenceException: Object reference not set to an instance of an object
  at UnityEditor.XR.Interaction.Toolkit.Analytics.XRIAnalytics..cctor () [0x00000] in .\Library\PackageCache\com.unity.xr.interaction.toolkit@42ef3600567b\Editor\Analytics\XRIAnalytics.cs:32 
UnityEngine.Debug:ExtractStackTraceNoAlloc (byte*,int,string)
UnityEngine.StackTraceUtility:ExtractStackTrace ()
UnityEngine.DebugLogHandler:Internal_Log (UnityEngine.LogType,UnityEngine.LogOption,string,UnityEngine.Object)
UnityEngine.DebugLogHandler:LogFormat (UnityEngine.LogType,UnityEngine.Object,string,object[])
UnityEngine.Logger:Log (UnityEngine.LogType,object)
UnityEngine.Debug:LogError (object)
UnityEditor.EditorAssemblies:ProcessInitializeOnLoadAttributes (System.Type[])

System.Reflection.TargetInvocationException: Exception has been thrown by the target of an invocation. ---> System.NullReferenceException: Object reference not set to an instance of an object
  at Unity.XR.Oculus.OculusLoader.AssetPathToAbsolutePath (System.String assetPath) [0x0003d] in .\Library\PackageCache\com.unity.xr.oculus@f23ad2c521e1\Runtime\OculusLoader.cs:312 
  at Unity.XR.Oculus.OculusLoader.EditorLoadOVRPlugin () [0x0008c] in .\Library\PackageCache\com.unity.xr.oculus@f23ad2c521e1\Runtime\OculusLoader.cs:297 
  at (wrapper managed-to-native) System.Reflection.RuntimeMethodInfo.InternalInvoke(System.Reflection.RuntimeMethodInfo,object,object[],System.Exception&)
  at System.Reflection.RuntimeMethodInfo.Invoke (System.Object obj, System.Reflection.BindingFlags invokeAttr, System.Reflection.Binder binder, System.Object[] parameters, System.Globalization.CultureInfo culture) [0x0006a] in <13c0c460649d4ce49f991e2c222fa635>:0 
   --- End of inner exception stack trace ---
  at System.Reflection.RuntimeMethodInfo.Invoke (System.Object obj, System.Reflection.BindingFlags invokeAttr, System.Reflection.Binder binder, System.Object[] parameters, System.Globalization.CultureInfo culture) [0x00083] in <13c0c460649d4ce49f991e2c222fa635>:0 
  at System.Reflection.MethodBase.Invoke (System.Object obj, System.Object[] parameters) [0x00000] in <13c0c460649d4ce49f991e2c222fa635>:0 
  at UnityEditor.EditorAssemblies.ProcessInitializeOnLoadMethodAttributes () [0x00056] in <95707308f6f3498991e9df8902fe97ba>:0 
UnityEngine.Debug:ExtractStackTraceNoAlloc (byte*,int,string)
UnityEngine.StackTraceUtility:ExtractStackTrace ()
UnityEngine.DebugLogHandler:Internal_Log (UnityEngine.LogType,UnityEngine.LogOption,string,UnityEngine.Object)
UnityEngine.DebugLogHandler:LogFormat (UnityEngine.LogType,UnityEngine.Object,string,object[])
UnityEngine.Logger:Log (UnityEngine.LogType,object)
UnityEngine.Debug:LogError (object)
UnityEditor.EditorAssemblies:ProcessInitializeOnLoadMethodAttributes ()

Mono: successfully reloaded assembly
[Package Manager] Failed to launch server process. Reason: Unity was launched with the -noUpm command-line argument
[Package Manager] Unable to send message (not connected to server process).
[Package Manager] Cannot connect to Unity Package Manager local server
[Package Manager] Failed to launch server process. Reason: Unity was launched with the -noUpm command-line argument
[Package Manager] Unable to send message (not connected to server process).
[Package Manager] Cannot connect to Unity Package Manager local server
- Finished resetting the current domain, in  1.385 seconds
Domain Reload Profiling: 2649ms
	BeginReloadAssembly (287ms)
		ExecutionOrderSort (0ms)
		DisableScriptedObjects (9ms)
		BackupInstance (0ms)
		ReleaseScriptingObjects (0ms)
		CreateAndSetChildDomain (41ms)
	RebuildCommonClasses (54ms)
	RebuildNativeTypeToScriptingClass (17ms)
	initialDomainReloadingComplete (46ms)
	LoadAllAssembliesAndSetupDomain (860ms)
		LoadAssemblies (687ms)
		RebuildTransferFunctionScriptingTraits (0ms)
		AnalyzeDomain (367ms)
			TypeCache.Refresh (276ms)
				TypeCache.ScanAssembly (251ms)
			BuildScriptInfoCaches (69ms)
			ResolveRequiredComponents (18ms)
	FinalizeReload (1386ms)
		ReleaseScriptCaches (0ms)
		RebuildScriptCaches (0ms)
		SetupLoadedEditorAssemblies (1137ms)
			LogAssemblyErrors (0ms)
			InitializePlatformSupportModulesInManaged (3ms)
			SetLoadedEditorAssemblies (4ms)
			BeforeProcessingInitializeOnLoad (147ms)
			ProcessInitializeOnLoadAttributes (770ms)
			ProcessInitializeOnLoadMethodAttributes (209ms)
			AfterProcessingInitializeOnLoad (3ms)
			EditorAssembliesLoaded (0ms)
		ExecutionOrderSort2 (0ms)
		AwakeInstancesAfterBackupRestoration (7ms)
Launched and connected shader compiler UnityShaderCompiler.exe after 0.02 seconds
Refreshing native plugins compatible for Editor in 18.36 ms, found 12 plugins.
Preloading 1 native plugins for Editor in 0.12 ms.
Unloading 229 Unused Serialized files (Serialized files now loaded: 0)
Unloading 6992 unused Assets / (7.0 MB). Loaded Objects now: 7670.
Memory consumption went from 166.9 MB to 159.8 MB.
Total: 17.963600 ms (FindLiveObjects: 1.269500 ms CreateObjectMapping: 1.365000 ms MarkObjects: 9.142500 ms  DeleteObjects: 6.185000 ms)

========================================================================
Received Import Request.
  Time since last request: 5959.219255 seconds.
  path: Assets/Scripts/Leave.cs
  artifactKey: Guid(7721424002628f14788332b1bfcaf5db) Importer(815301076,1909f56bfc062723c751e8b465ee728b)
Start importing Assets/Scripts/Leave.cs using Guid(7721424002628f14788332b1bfcaf5db) Importer(815301076,1909f56bfc062723c751e8b465ee728b) (PreviewImporter) -> (artifact id: '6cbbb068c9bd5f5b3e442839ce76f1ed') in 0.0215969 seconds
Number of updated asset objects reloaded before import = 0Number of asset objects unloaded after import = 0

========================================================================
Received Import Request.
  Time since last request: 18.088577 seconds.
  path: Assets/Scenes/Main menu.unity
  artifactKey: Guid(1f2b882246ee86b4c8ecdb391606bdb3) Importer(815301076,1909f56bfc062723c751e8b465ee728b)
Start importing Assets/Scenes/Main menu.unity using Guid(1f2b882246ee86b4c8ecdb391606bdb3) Importer(815301076,1909f56bfc062723c751e8b465ee728b) (PreviewImporter) -> (artifact id: 'cc0318f2e72a0b73f9f618d2b1b5acd9') in 0.0083323 seconds
Number of updated asset objects reloaded before import = 0Number of asset objects unloaded after import = 0

========================================================================
Received Prepare
Refreshing native plugins compatible for Editor in 20.98 ms, found 12 plugins.
Preloading 1 native plugins for Editor in 0.07 ms.
Unloading 34 Unused Serialized files (Serialized files now loaded: 0)
Unloading 6935 unused Assets / (8.8 MB). Loaded Objects now: 7656.
Memory consumption went from 135.5 MB to 126.7 MB.
Total: 23.931800 ms (FindLiveObjects: 1.218200 ms CreateObjectMapping: 1.107100 ms MarkObjects: 12.520800 ms  DeleteObjects: 9.084200 ms)

Prepare: number of updated asset objects reloaded= 0
========================================================================
Received Import Request.
  Time since last request: 41.821143 seconds.
  path: Assets/Scripts/Leave.cs
  artifactKey: Guid(7721424002628f14788332b1bfcaf5db) Importer(815301076,1909f56bfc062723c751e8b465ee728b)
Start importing Assets/Scripts/Leave.cs using Guid(7721424002628f14788332b1bfcaf5db) Importer(815301076,1909f56bfc062723c751e8b465ee728b) (PreviewImporter) -> (artifact id: '35610b96774e4214b2f75f096d62280f') in 0.0030037 seconds
Number of updated asset objects reloaded before import = 0Number of asset objects unloaded after import = 0

========================================================================
Received Prepare
Begin MonoManager ReloadAssembly
- Loaded All Assemblies, in  1.009 seconds
Refreshing native plugins compatible for Editor in 15.45 ms, found 12 plugins.
Native extension for WindowsStandalone target not found
[Package Manager] Failed to launch server process. Reason: Unity was launched with the -noUpm command-line argument
[Package Manager] Unable to send message (not connected to server process).
[Package Manager] Cannot connect to Unity Package Manager local server
System.NullReferenceException: Object reference not set to an instance of an object
  at UnityEditor.XR.Interaction.Toolkit.Analytics.XRIAnalytics..cctor () [0x00000] in .\Library\PackageCache\com.unity.xr.interaction.toolkit@42ef3600567b\Editor\Analytics\XRIAnalytics.cs:32 
UnityEngine.Debug:ExtractStackTraceNoAlloc (byte*,int,string)
UnityEngine.StackTraceUtility:ExtractStackTrace ()
UnityEngine.DebugLogHandler:Internal_Log (UnityEngine.LogType,UnityEngine.LogOption,string,UnityEngine.Object)
UnityEngine.DebugLogHandler:LogFormat (UnityEngine.LogType,UnityEngine.Object,string,object[])
UnityEngine.Logger:Log (UnityEngine.LogType,object)
UnityEngine.Debug:LogError (object)
UnityEditor.EditorAssemblies:ProcessInitializeOnLoadAttributes (System.Type[])

System.Reflection.TargetInvocationException: Exception has been thrown by the target of an invocation. ---> System.NullReferenceException: Object reference not set to an instance of an object
  at Unity.XR.Oculus.OculusLoader.AssetPathToAbsolutePath (System.String assetPath) [0x0003d] in .\Library\PackageCache\com.unity.xr.oculus@f23ad2c521e1\Runtime\OculusLoader.cs:312 
  at Unity.XR.Oculus.OculusLoader.EditorLoadOVRPlugin () [0x0008c] in .\Library\PackageCache\com.unity.xr.oculus@f23ad2c521e1\Runtime\OculusLoader.cs:297 
  at (wrapper managed-to-native) System.Reflection.RuntimeMethodInfo.InternalInvoke(System.Reflection.RuntimeMethodInfo,object,object[],System.Exception&)
  at System.Reflection.RuntimeMethodInfo.Invoke (System.Object obj, System.Reflection.BindingFlags invokeAttr, System.Reflection.Binder binder, System.Object[] parameters, System.Globalization.CultureInfo culture) [0x0006a] in <13c0c460649d4ce49f991e2c222fa635>:0 
   --- End of inner exception stack trace ---
  at System.Reflection.RuntimeMethodInfo.Invoke (System.Object obj, System.Reflection.BindingFlags invokeAttr, System.Reflection.Binder binder, System.Object[] parameters, System.Globalization.CultureInfo culture) [0x00083] in <13c0c460649d4ce49f991e2c222fa635>:0 
  at System.Reflection.MethodBase.Invoke (System.Object obj, System.Object[] parameters) [0x00000] in <13c0c460649d4ce49f991e2c222fa635>:0 
  at UnityEditor.EditorAssemblies.ProcessInitializeOnLoadMethodAttributes () [0x00056] in <95707308f6f3498991e9df8902fe97ba>:0 
UnityEngine.Debug:ExtractStackTraceNoAlloc (byte*,int,string)
UnityEngine.StackTraceUtility:ExtractStackTrace ()
UnityEngine.DebugLogHandler:Internal_Log (UnityEngine.LogType,UnityEngine.LogOption,string,UnityEngine.Object)
UnityEngine.DebugLogHandler:LogFormat (UnityEngine.LogType,UnityEngine.Object,string,object[])
UnityEngine.Logger:Log (UnityEngine.LogType,object)
UnityEngine.Debug:LogError (object)
UnityEditor.EditorAssemblies:ProcessInitializeOnLoadMethodAttributes ()

Mono: successfully reloaded assembly
[Package Manager] Failed to launch server process. Reason: Unity was launched with the -noUpm command-line argument
[Package Manager] Unable to send message (not connected to server process).
[Package Manager] Cannot connect to Unity Package Manager local server
- Finished resetting the current domain, in  1.355 seconds
Domain Reload Profiling: 2365ms
	BeginReloadAssembly (295ms)
		ExecutionOrderSort (0ms)
		DisableScriptedObjects (7ms)
		BackupInstance (0ms)
		ReleaseScriptingObjects (0ms)
		CreateAndSetChildDomain (65ms)
	RebuildCommonClasses (44ms)
	RebuildNativeTypeToScriptingClass (15ms)
	initialDomainReloadingComplete (32ms)
	LoadAllAssembliesAndSetupDomain (623ms)
		LoadAssemblies (517ms)
		RebuildTransferFunctionScriptingTraits (0ms)
		AnalyzeDomain (280ms)
			TypeCache.Refresh (15ms)
				TypeCache.ScanAssembly (2ms)
			BuildScriptInfoCaches (242ms)
			ResolveRequiredComponents (19ms)
	FinalizeReload (1356ms)
		ReleaseScriptCaches (0ms)
		RebuildScriptCaches (0ms)
		SetupLoadedEditorAssemblies (1068ms)
			LogAssemblyErrors (0ms)
			InitializePlatformSupportModulesInManaged (2ms)
			SetLoadedEditorAssemblies (4ms)
			BeforeProcessingInitializeOnLoad (153ms)
			ProcessInitializeOnLoadAttributes (750ms)
			ProcessInitializeOnLoadMethodAttributes (154ms)
			AfterProcessingInitializeOnLoad (5ms)
			EditorAssembliesLoaded (0ms)
		ExecutionOrderSort2 (0ms)
		AwakeInstancesAfterBackupRestoration (13ms)
Refreshing native plugins compatible for Editor in 19.22 ms, found 12 plugins.
Preloading 1 native plugins for Editor in 0.07 ms.
Unloading 57 Unused Serialized files (Serialized files now loaded: 0)
Unloading 6989 unused Assets / (8.1 MB). Loaded Objects now: 7688.
Memory consumption went from 204.0 MB to 195.9 MB.
Total: 19.544300 ms (FindLiveObjects: 1.383800 ms CreateObjectMapping: 1.633000 ms MarkObjects: 9.423400 ms  DeleteObjects: 7.102700 ms)

Prepare: number of updated asset objects reloaded= 0
========================================================================
Received Prepare
Begin MonoManager ReloadAssembly
- Loaded All Assemblies, in  0.954 seconds
Refreshing native plugins compatible for Editor in 12.93 ms, found 12 plugins.
Native extension for WindowsStandalone target not found
[Package Manager] Failed to launch server process. Reason: Unity was launched with the -noUpm command-line argument
[Package Manager] Unable to send message (not connected to server process).
[Package Manager] Cannot connect to Unity Package Manager local server
System.NullReferenceException: Object reference not set to an instance of an object
  at UnityEditor.XR.Interaction.Toolkit.Analytics.XRIAnalytics..cctor () [0x00000] in .\Library\PackageCache\com.unity.xr.interaction.toolkit@42ef3600567b\Editor\Analytics\XRIAnalytics.cs:32 
UnityEngine.Debug:ExtractStackTraceNoAlloc (byte*,int,string)
UnityEngine.StackTraceUtility:ExtractStackTrace ()
UnityEngine.DebugLogHandler:Internal_Log (UnityEngine.LogType,UnityEngine.LogOption,string,UnityEngine.Object)
UnityEngine.DebugLogHandler:LogFormat (UnityEngine.LogType,UnityEngine.Object,string,object[])
UnityEngine.Logger:Log (UnityEngine.LogType,object)
UnityEngine.Debug:LogError (object)
UnityEditor.EditorAssemblies:ProcessInitializeOnLoadAttributes (System.Type[])

System.Reflection.TargetInvocationException: Exception has been thrown by the target of an invocation. ---> System.NullReferenceException: Object reference not set to an instance of an object
  at Unity.XR.Oculus.OculusLoader.AssetPathToAbsolutePath (System.String assetPath) [0x0003d] in .\Library\PackageCache\com.unity.xr.oculus@f23ad2c521e1\Runtime\OculusLoader.cs:312 
  at Unity.XR.Oculus.OculusLoader.EditorLoadOVRPlugin () [0x0008c] in .\Library\PackageCache\com.unity.xr.oculus@f23ad2c521e1\Runtime\OculusLoader.cs:297 
  at (wrapper managed-to-native) System.Reflection.RuntimeMethodInfo.InternalInvoke(System.Reflection.RuntimeMethodInfo,object,object[],System.Exception&)
  at System.Reflection.RuntimeMethodInfo.Invoke (System.Object obj, System.Reflection.BindingFlags invokeAttr, System.Reflection.Binder binder, System.Object[] parameters, System.Globalization.CultureInfo culture) [0x0006a] in <13c0c460649d4ce49f991e2c222fa635>:0 
   --- End of inner exception stack trace ---
  at System.Reflection.RuntimeMethodInfo.Invoke (System.Object obj, System.Reflection.BindingFlags invokeAttr, System.Reflection.Binder binder, System.Object[] parameters, System.Globalization.CultureInfo culture) [0x00083] in <13c0c460649d4ce49f991e2c222fa635>:0 
  at System.Reflection.MethodBase.Invoke (System.Object obj, System.Object[] parameters) [0x00000] in <13c0c460649d4ce49f991e2c222fa635>:0 
  at UnityEditor.EditorAssemblies.ProcessInitializeOnLoadMethodAttributes () [0x00056] in <95707308f6f3498991e9df8902fe97ba>:0 
UnityEngine.Debug:ExtractStackTraceNoAlloc (byte*,int,string)
UnityEngine.StackTraceUtility:ExtractStackTrace ()
UnityEngine.DebugLogHandler:Internal_Log (UnityEngine.LogType,UnityEngine.LogOption,string,UnityEngine.Object)
UnityEngine.DebugLogHandler:LogFormat (UnityEngine.LogType,UnityEngine.Object,string,object[])
UnityEngine.Logger:Log (UnityEngine.LogType,object)
UnityEngine.Debug:LogError (object)
UnityEditor.EditorAssemblies:ProcessInitializeOnLoadMethodAttributes ()

Mono: successfully reloaded assembly
[Package Manager] Failed to launch server process. Reason: Unity was launched with the -noUpm command-line argument
[Package Manager] Unable to send message (not connected to server process).
[Package Manager] Cannot connect to Unity Package Manager local server
- Finished resetting the current domain, in  1.266 seconds
Domain Reload Profiling: 2221ms
	BeginReloadAssembly (282ms)
		ExecutionOrderSort (0ms)
		DisableScriptedObjects (8ms)
		BackupInstance (0ms)
		ReleaseScriptingObjects (0ms)
		CreateAndSetChildDomain (61ms)
	RebuildCommonClasses (45ms)
	RebuildNativeTypeToScriptingClass (15ms)
	initialDomainReloadingComplete (28ms)
	LoadAllAssembliesAndSetupDomain (585ms)
		LoadAssemblies (489ms)
		RebuildTransferFunctionScriptingTraits (0ms)
		AnalyzeDomain (262ms)
			TypeCache.Refresh (7ms)
				TypeCache.ScanAssembly (0ms)
			BuildScriptInfoCaches (224ms)
			ResolveRequiredComponents (27ms)
	FinalizeReload (1267ms)
		ReleaseScriptCaches (0ms)
		RebuildScriptCaches (0ms)
		SetupLoadedEditorAssemblies (1012ms)
			LogAssemblyErrors (0ms)
			InitializePlatformSupportModulesInManaged (2ms)
			SetLoadedEditorAssemblies (4ms)
			BeforeProcessingInitializeOnLoad (159ms)
			ProcessInitializeOnLoadAttributes (704ms)
			ProcessInitializeOnLoadMethodAttributes (139ms)
			AfterProcessingInitializeOnLoad (3ms)
			EditorAssembliesLoaded (0ms)
		ExecutionOrderSort2 (0ms)
		AwakeInstancesAfterBackupRestoration (15ms)
Refreshing native plugins compatible for Editor in 23.92 ms, found 12 plugins.
Preloading 1 native plugins for Editor in 0.07 ms.
Unloading 47 Unused Serialized files (Serialized files now loaded: 0)
Unloading 6989 unused Assets / (7.8 MB). Loaded Objects now: 7691.
Memory consumption went from 202.3 MB to 194.5 MB.
Total: 18.257400 ms (FindLiveObjects: 1.307200 ms CreateObjectMapping: 1.519500 ms MarkObjects: 8.783500 ms  DeleteObjects: 6.645700 ms)

Prepare: number of updated asset objects reloaded= 0
========================================================================
Received Import Request.
  Time since last request: 99.588315 seconds.
  path: Assets/XR/Settings/OpenXR Package Settings.asset
  artifactKey: Guid(a18ca8ef81be80f4283a4f28cb5a069d) Importer(815301076,1909f56bfc062723c751e8b465ee728b)
Start importing Assets/XR/Settings/OpenXR Package Settings.asset using Guid(a18ca8ef81be80f4283a4f28cb5a069d) Importer(815301076,1909f56bfc062723c751e8b465ee728b) (PreviewImporter) -> (artifact id: '755aadb88bd984a17346cec120c8c1fa') in 0.026479 seconds
Number of updated asset objects reloaded before import = 0Number of asset objects unloaded after import = 0

========================================================================
Received Import Request.
  Time since last request: 0.000020 seconds.
  path: Assets/LowPoly Forest - Lite/Materials/Simple Water.mat
  artifactKey: Guid(7134b71b42e348544afe872fe278569f) Importer(815301076,1909f56bfc062723c751e8b465ee728b)
Start importing Assets/LowPoly Forest - Lite/Materials/Simple Water.mat using Guid(7134b71b42e348544afe872fe278569f) Importer(815301076,1909f56bfc062723c751e8b465ee728b) (PreviewImporter) -> (artifact id: 'e1ed6581761155e9480b435f5d862270') in 0.7006171 seconds
Number of updated asset objects reloaded before import = 0Number of asset objects unloaded after import = 2

========================================================================
Received Prepare
Begin MonoManager ReloadAssembly
- Loaded All Assemblies, in  1.005 seconds
Refreshing native plugins compatible for Editor in 14.25 ms, found 12 plugins.
Native extension for WindowsStandalone target not found
[Package Manager] Failed to launch server process. Reason: Unity was launched with the -noUpm command-line argument
[Package Manager] Unable to send message (not connected to server process).
[Package Manager] Cannot connect to Unity Package Manager local server
System.NullReferenceException: Object reference not set to an instance of an object
  at UnityEditor.XR.Interaction.Toolkit.Analytics.XRIAnalytics..cctor () [0x00000] in .\Library\PackageCache\com.unity.xr.interaction.toolkit@42ef3600567b\Editor\Analytics\XRIAnalytics.cs:32 
UnityEngine.Debug:ExtractStackTraceNoAlloc (byte*,int,string)
UnityEngine.StackTraceUtility:ExtractStackTrace ()
UnityEngine.DebugLogHandler:Internal_Log (UnityEngine.LogType,UnityEngine.LogOption,string,UnityEngine.Object)
UnityEngine.DebugLogHandler:LogFormat (UnityEngine.LogType,UnityEngine.Object,string,object[])
UnityEngine.Logger:Log (UnityEngine.LogType,object)
UnityEngine.Debug:LogError (object)
UnityEditor.EditorAssemblies:ProcessInitializeOnLoadAttributes (System.Type[])

System.Reflection.TargetInvocationException: Exception has been thrown by the target of an invocation. ---> System.NullReferenceException: Object reference not set to an instance of an object
  at Unity.XR.Oculus.OculusLoader.AssetPathToAbsolutePath (System.String assetPath) [0x0003d] in .\Library\PackageCache\com.unity.xr.oculus@f23ad2c521e1\Runtime\OculusLoader.cs:312 
  at Unity.XR.Oculus.OculusLoader.EditorLoadOVRPlugin () [0x0008c] in .\Library\PackageCache\com.unity.xr.oculus@f23ad2c521e1\Runtime\OculusLoader.cs:297 
  at (wrapper managed-to-native) System.Reflection.RuntimeMethodInfo.InternalInvoke(System.Reflection.RuntimeMethodInfo,object,object[],System.Exception&)
  at System.Reflection.RuntimeMethodInfo.Invoke (System.Object obj, System.Reflection.BindingFlags invokeAttr, System.Reflection.Binder binder, System.Object[] parameters, System.Globalization.CultureInfo culture) [0x0006a] in <13c0c460649d4ce49f991e2c222fa635>:0 
   --- End of inner exception stack trace ---
  at System.Reflection.RuntimeMethodInfo.Invoke (System.Object obj, System.Reflection.BindingFlags invokeAttr, System.Reflection.Binder binder, System.Object[] parameters, System.Globalization.CultureInfo culture) [0x00083] in <13c0c460649d4ce49f991e2c222fa635>:0 
  at System.Reflection.MethodBase.Invoke (System.Object obj, System.Object[] parameters) [0x00000] in <13c0c460649d4ce49f991e2c222fa635>:0 
  at UnityEditor.EditorAssemblies.ProcessInitializeOnLoadMethodAttributes () [0x00056] in <95707308f6f3498991e9df8902fe97ba>:0 
UnityEngine.Debug:ExtractStackTraceNoAlloc (byte*,int,string)
UnityEngine.StackTraceUtility:ExtractStackTrace ()
UnityEngine.DebugLogHandler:Internal_Log (UnityEngine.LogType,UnityEngine.LogOption,string,UnityEngine.Object)
UnityEngine.DebugLogHandler:LogFormat (UnityEngine.LogType,UnityEngine.Object,string,object[])
UnityEngine.Logger:Log (UnityEngine.LogType,object)
UnityEngine.Debug:LogError (object)
UnityEditor.EditorAssemblies:ProcessInitializeOnLoadMethodAttributes ()

Mono: successfully reloaded assembly
[Package Manager] Failed to launch server process. Reason: Unity was launched with the -noUpm command-line argument
[Package Manager] Unable to send message (not connected to server process).
[Package Manager] Cannot connect to Unity Package Manager local server
- Finished resetting the current domain, in  1.279 seconds
Domain Reload Profiling: 2286ms
	BeginReloadAssembly (318ms)
		ExecutionOrderSort (0ms)
		DisableScriptedObjects (24ms)
		BackupInstance (0ms)
		ReleaseScriptingObjects (0ms)
		CreateAndSetChildDomain (75ms)
	RebuildCommonClasses (46ms)
	RebuildNativeTypeToScriptingClass (15ms)
	initialDomainReloadingComplete (30ms)
	LoadAllAssembliesAndSetupDomain (598ms)
		LoadAssemblies (501ms)
		RebuildTransferFunctionScriptingTraits (0ms)
		AnalyzeDomain (269ms)
			TypeCache.Refresh (9ms)
				TypeCache.ScanAssembly (0ms)
			BuildScriptInfoCaches (236ms)
			ResolveRequiredComponents (19ms)
	FinalizeReload (1279ms)
		ReleaseScriptCaches (0ms)
		RebuildScriptCaches (0ms)
		SetupLoadedEditorAssemblies (1013ms)
			LogAssemblyErrors (0ms)
			InitializePlatformSupportModulesInManaged (2ms)
			SetLoadedEditorAssemblies (4ms)
			BeforeProcessingInitializeOnLoad (155ms)
			ProcessInitializeOnLoadAttributes (694ms)
			ProcessInitializeOnLoadMethodAttributes (153ms)
			AfterProcessingInitializeOnLoad (4ms)
			EditorAssembliesLoaded (0ms)
		ExecutionOrderSort2 (0ms)
		AwakeInstancesAfterBackupRestoration (15ms)
Refreshing native plugins compatible for Editor in 18.73 ms, found 12 plugins.
Preloading 1 native plugins for Editor in 0.07 ms.
Unloading 47 Unused Serialized files (Serialized files now loaded: 0)
Unloading 6990 unused Assets / (7.6 MB). Loaded Objects now: 7758.
Memory consumption went from 212.8 MB to 205.2 MB.
Total: 20.154800 ms (FindLiveObjects: 1.276900 ms CreateObjectMapping: 1.168200 ms MarkObjects: 11.808000 ms  DeleteObjects: 5.899900 ms)

Prepare: number of updated asset objects reloaded= 0
========================================================================
Received Prepare
Begin MonoManager ReloadAssembly
- Loaded All Assemblies, in  0.983 seconds
Refreshing native plugins compatible for Editor in 12.94 ms, found 12 plugins.
Native extension for WindowsStandalone target not found
[Package Manager] Failed to launch server process. Reason: Unity was launched with the -noUpm command-line argument
[Package Manager] Unable to send message (not connected to server process).
[Package Manager] Cannot connect to Unity Package Manager local server
System.NullReferenceException: Object reference not set to an instance of an object
  at UnityEditor.XR.Interaction.Toolkit.Analytics.XRIAnalytics..cctor () [0x00000] in .\Library\PackageCache\com.unity.xr.interaction.toolkit@42ef3600567b\Editor\Analytics\XRIAnalytics.cs:32 
UnityEngine.Debug:ExtractStackTraceNoAlloc (byte*,int,string)
UnityEngine.StackTraceUtility:ExtractStackTrace ()
UnityEngine.DebugLogHandler:Internal_Log (UnityEngine.LogType,UnityEngine.LogOption,string,UnityEngine.Object)
UnityEngine.DebugLogHandler:LogFormat (UnityEngine.LogType,UnityEngine.Object,string,object[])
UnityEngine.Logger:Log (UnityEngine.LogType,object)
UnityEngine.Debug:LogError (object)
UnityEditor.EditorAssemblies:ProcessInitializeOnLoadAttributes (System.Type[])

System.Reflection.TargetInvocationException: Exception has been thrown by the target of an invocation. ---> System.NullReferenceException: Object reference not set to an instance of an object
  at Unity.XR.Oculus.OculusLoader.AssetPathToAbsolutePath (System.String assetPath) [0x0003d] in .\Library\PackageCache\com.unity.xr.oculus@f23ad2c521e1\Runtime\OculusLoader.cs:312 
  at Unity.XR.Oculus.OculusLoader.EditorLoadOVRPlugin () [0x0008c] in .\Library\PackageCache\com.unity.xr.oculus@f23ad2c521e1\Runtime\OculusLoader.cs:297 
  at (wrapper managed-to-native) System.Reflection.RuntimeMethodInfo.InternalInvoke(System.Reflection.RuntimeMethodInfo,object,object[],System.Exception&)
  at System.Reflection.RuntimeMethodInfo.Invoke (System.Object obj, System.Reflection.BindingFlags invokeAttr, System.Reflection.Binder binder, System.Object[] parameters, System.Globalization.CultureInfo culture) [0x0006a] in <13c0c460649d4ce49f991e2c222fa635>:0 
   --- End of inner exception stack trace ---
  at System.Reflection.RuntimeMethodInfo.Invoke (System.Object obj, System.Reflection.BindingFlags invokeAttr, System.Reflection.Binder binder, System.Object[] parameters, System.Globalization.CultureInfo culture) [0x00083] in <13c0c460649d4ce49f991e2c222fa635>:0 
  at System.Reflection.MethodBase.Invoke (System.Object obj, System.Object[] parameters) [0x00000] in <13c0c460649d4ce49f991e2c222fa635>:0 
  at UnityEditor.EditorAssemblies.ProcessInitializeOnLoadMethodAttributes () [0x00056] in <95707308f6f3498991e9df8902fe97ba>:0 
UnityEngine.Debug:ExtractStackTraceNoAlloc (byte*,int,string)
UnityEngine.StackTraceUtility:ExtractStackTrace ()
UnityEngine.DebugLogHandler:Internal_Log (UnityEngine.LogType,UnityEngine.LogOption,string,UnityEngine.Object)
UnityEngine.DebugLogHandler:LogFormat (UnityEngine.LogType,UnityEngine.Object,string,object[])
UnityEngine.Logger:Log (UnityEngine.LogType,object)
UnityEngine.Debug:LogError (object)
UnityEditor.EditorAssemblies:ProcessInitializeOnLoadMethodAttributes ()

Mono: successfully reloaded assembly
[Package Manager] Failed to launch server process. Reason: Unity was launched with the -noUpm command-line argument
[Package Manager] Unable to send message (not connected to server process).
[Package Manager] Cannot connect to Unity Package Manager local server
- Finished resetting the current domain, in  1.288 seconds
Domain Reload Profiling: 2270ms
	BeginReloadAssembly (287ms)
		ExecutionOrderSort (0ms)
		DisableScriptedObjects (11ms)
		BackupInstance (0ms)
		ReleaseScriptingObjects (0ms)
		CreateAndSetChildDomain (60ms)
	RebuildCommonClasses (53ms)
	RebuildNativeTypeToScriptingClass (15ms)
	initialDomainReloadingComplete (31ms)
	LoadAllAssembliesAndSetupDomain (596ms)
		LoadAssemblies (484ms)
		RebuildTransferFunctionScriptingTraits (0ms)
		AnalyzeDomain (282ms)
			TypeCache.Refresh (9ms)
				TypeCache.ScanAssembly (0ms)
			BuildScriptInfoCaches (246ms)
			ResolveRequiredComponents (23ms)
	FinalizeReload (1289ms)
		ReleaseScriptCaches (0ms)
		RebuildScriptCaches (0ms)
		SetupLoadedEditorAssemblies (1019ms)
			LogAssemblyErrors (0ms)
			InitializePlatformSupportModulesInManaged (2ms)
			SetLoadedEditorAssemblies (4ms)
			BeforeProcessingInitializeOnLoad (158ms)
			ProcessInitializeOnLoadAttributes (702ms)
			ProcessInitializeOnLoadMethodAttributes (148ms)
			AfterProcessingInitializeOnLoad (5ms)
			EditorAssembliesLoaded (0ms)
		ExecutionOrderSort2 (0ms)
		AwakeInstancesAfterBackupRestoration (18ms)
Refreshing native plugins compatible for Editor in 19.58 ms, found 12 plugins.
Preloading 1 native plugins for Editor in 0.07 ms.
Unloading 47 Unused Serialized files (Serialized files now loaded: 0)
Unloading 6989 unused Assets / (7.8 MB). Loaded Objects now: 7761.
Memory consumption went from 212.7 MB to 204.8 MB.
Total: 17.509900 ms (FindLiveObjects: 1.269100 ms CreateObjectMapping: 1.134900 ms MarkObjects: 8.849900 ms  DeleteObjects: 6.254500 ms)

Prepare: number of updated asset objects reloaded= 0
========================================================================
Received Prepare
Begin MonoManager ReloadAssembly
- Loaded All Assemblies, in  0.991 seconds
Refreshing native plugins compatible for Editor in 16.32 ms, found 12 plugins.
Native extension for WindowsStandalone target not found
[Package Manager] Failed to launch server process. Reason: Unity was launched with the -noUpm command-line argument
[Package Manager] Unable to send message (not connected to server process).
[Package Manager] Cannot connect to Unity Package Manager local server
System.NullReferenceException: Object reference not set to an instance of an object
  at UnityEditor.XR.Interaction.Toolkit.Analytics.XRIAnalytics..cctor () [0x00000] in .\Library\PackageCache\com.unity.xr.interaction.toolkit@42ef3600567b\Editor\Analytics\XRIAnalytics.cs:32 
UnityEngine.Debug:ExtractStackTraceNoAlloc (byte*,int,string)
UnityEngine.StackTraceUtility:ExtractStackTrace ()
UnityEngine.DebugLogHandler:Internal_Log (UnityEngine.LogType,UnityEngine.LogOption,string,UnityEngine.Object)
UnityEngine.DebugLogHandler:LogFormat (UnityEngine.LogType,UnityEngine.Object,string,object[])
UnityEngine.Logger:Log (UnityEngine.LogType,object)
UnityEngine.Debug:LogError (object)
UnityEditor.EditorAssemblies:ProcessInitializeOnLoadAttributes (System.Type[])

System.Reflection.TargetInvocationException: Exception has been thrown by the target of an invocation. ---> System.NullReferenceException: Object reference not set to an instance of an object
  at Unity.XR.Oculus.OculusLoader.AssetPathToAbsolutePath (System.String assetPath) [0x0003d] in .\Library\PackageCache\com.unity.xr.oculus@f23ad2c521e1\Runtime\OculusLoader.cs:312 
  at Unity.XR.Oculus.OculusLoader.EditorLoadOVRPlugin () [0x0008c] in .\Library\PackageCache\com.unity.xr.oculus@f23ad2c521e1\Runtime\OculusLoader.cs:297 
  at (wrapper managed-to-native) System.Reflection.RuntimeMethodInfo.InternalInvoke(System.Reflection.RuntimeMethodInfo,object,object[],System.Exception&)
  at System.Reflection.RuntimeMethodInfo.Invoke (System.Object obj, System.Reflection.BindingFlags invokeAttr, System.Reflection.Binder binder, System.Object[] parameters, System.Globalization.CultureInfo culture) [0x0006a] in <13c0c460649d4ce49f991e2c222fa635>:0 
   --- End of inner exception stack trace ---
  at System.Reflection.RuntimeMethodInfo.Invoke (System.Object obj, System.Reflection.BindingFlags invokeAttr, System.Reflection.Binder binder, System.Object[] parameters, System.Globalization.CultureInfo culture) [0x00083] in <13c0c460649d4ce49f991e2c222fa635>:0 
  at System.Reflection.MethodBase.Invoke (System.Object obj, System.Object[] parameters) [0x00000] in <13c0c460649d4ce49f991e2c222fa635>:0 
  at UnityEditor.EditorAssemblies.ProcessInitializeOnLoadMethodAttributes () [0x00056] in <95707308f6f3498991e9df8902fe97ba>:0 
UnityEngine.Debug:ExtractStackTraceNoAlloc (byte*,int,string)
UnityEngine.StackTraceUtility:ExtractStackTrace ()
UnityEngine.DebugLogHandler:Internal_Log (UnityEngine.LogType,UnityEngine.LogOption,string,UnityEngine.Object)
UnityEngine.DebugLogHandler:LogFormat (UnityEngine.LogType,UnityEngine.Object,string,object[])
UnityEngine.Logger:Log (UnityEngine.LogType,object)
UnityEngine.Debug:LogError (object)
UnityEditor.EditorAssemblies:ProcessInitializeOnLoadMethodAttributes ()

Mono: successfully reloaded assembly
[Package Manager] Failed to launch server process. Reason: Unity was launched with the -noUpm command-line argument
[Package Manager] Unable to send message (not connected to server process).
[Package Manager] Cannot connect to Unity Package Manager local server
- Finished resetting the current domain, in  1.289 seconds
Domain Reload Profiling: 2282ms
	BeginReloadAssembly (284ms)
		ExecutionOrderSort (0ms)
		DisableScriptedObjects (8ms)
		BackupInstance (0ms)
		ReleaseScriptingObjects (0ms)
		CreateAndSetChildDomain (58ms)
	RebuildCommonClasses (48ms)
	RebuildNativeTypeToScriptingClass (25ms)
	initialDomainReloadingComplete (34ms)
	LoadAllAssembliesAndSetupDomain (602ms)
		LoadAssemblies (514ms)
		RebuildTransferFunctionScriptingTraits (0ms)
		AnalyzeDomain (256ms)
			TypeCache.Refresh (7ms)
				TypeCache.ScanAssembly (0ms)
			BuildScriptInfoCaches (222ms)
			ResolveRequiredComponents (22ms)
	FinalizeReload (1290ms)
		ReleaseScriptCaches (0ms)
		RebuildScriptCaches (0ms)
		SetupLoadedEditorAssemblies (1010ms)
			LogAssemblyErrors (0ms)
			InitializePlatformSupportModulesInManaged (3ms)
			SetLoadedEditorAssemblies (4ms)
			BeforeProcessingInitializeOnLoad (158ms)
			ProcessInitializeOnLoadAttributes (710ms)
			ProcessInitializeOnLoadMethodAttributes (131ms)
			AfterProcessingInitializeOnLoad (4ms)
			EditorAssembliesLoaded (0ms)
		ExecutionOrderSort2 (0ms)
		AwakeInstancesAfterBackupRestoration (14ms)
Refreshing native plugins compatible for Editor in 18.66 ms, found 12 plugins.
Preloading 1 native plugins for Editor in 0.08 ms.
Unloading 47 Unused Serialized files (Serialized files now loaded: 0)
Unloading 6989 unused Assets / (7.6 MB). Loaded Objects now: 7764.
Memory consumption went from 212.7 MB to 205.0 MB.
Total: 18.019900 ms (FindLiveObjects: 1.397000 ms CreateObjectMapping: 1.330300 ms MarkObjects: 9.110400 ms  DeleteObjects: 6.180600 ms)

Prepare: number of updated asset objects reloaded= 0
========================================================================
Received Prepare
Begin MonoManager ReloadAssembly
- Loaded All Assemblies, in  0.990 seconds
Refreshing native plugins compatible for Editor in 14.14 ms, found 12 plugins.
Native extension for WindowsStandalone target not found
[Package Manager] Failed to launch server process. Reason: Unity was launched with the -noUpm command-line argument
[Package Manager] Unable to send message (not connected to server process).
[Package Manager] Cannot connect to Unity Package Manager local server
System.NullReferenceException: Object reference not set to an instance of an object
  at UnityEditor.XR.Interaction.Toolkit.Analytics.XRIAnalytics..cctor () [0x00000] in .\Library\PackageCache\com.unity.xr.interaction.toolkit@42ef3600567b\Editor\Analytics\XRIAnalytics.cs:32 
UnityEngine.Debug:ExtractStackTraceNoAlloc (byte*,int,string)
UnityEngine.StackTraceUtility:ExtractStackTrace ()
UnityEngine.DebugLogHandler:Internal_Log (UnityEngine.LogType,UnityEngine.LogOption,string,UnityEngine.Object)
UnityEngine.DebugLogHandler:LogFormat (UnityEngine.LogType,UnityEngine.Object,string,object[])
UnityEngine.Logger:Log (UnityEngine.LogType,object)
UnityEngine.Debug:LogError (object)
UnityEditor.EditorAssemblies:ProcessInitializeOnLoadAttributes (System.Type[])

System.Reflection.TargetInvocationException: Exception has been thrown by the target of an invocation. ---> System.NullReferenceException: Object reference not set to an instance of an object
  at Unity.XR.Oculus.OculusLoader.AssetPathToAbsolutePath (System.String assetPath) [0x0003d] in .\Library\PackageCache\com.unity.xr.oculus@f23ad2c521e1\Runtime\OculusLoader.cs:312 
  at Unity.XR.Oculus.OculusLoader.EditorLoadOVRPlugin () [0x0008c] in .\Library\PackageCache\com.unity.xr.oculus@f23ad2c521e1\Runtime\OculusLoader.cs:297 
  at (wrapper managed-to-native) System.Reflection.RuntimeMethodInfo.InternalInvoke(System.Reflection.RuntimeMethodInfo,object,object[],System.Exception&)
  at System.Reflection.RuntimeMethodInfo.Invoke (System.Object obj, System.Reflection.BindingFlags invokeAttr, System.Reflection.Binder binder, System.Object[] parameters, System.Globalization.CultureInfo culture) [0x0006a] in <13c0c460649d4ce49f991e2c222fa635>:0 
   --- End of inner exception stack trace ---
  at System.Reflection.RuntimeMethodInfo.Invoke (System.Object obj, System.Reflection.BindingFlags invokeAttr, System.Reflection.Binder binder, System.Object[] parameters, System.Globalization.CultureInfo culture) [0x00083] in <13c0c460649d4ce49f991e2c222fa635>:0 
  at System.Reflection.MethodBase.Invoke (System.Object obj, System.Object[] parameters) [0x00000] in <13c0c460649d4ce49f991e2c222fa635>:0 
  at UnityEditor.EditorAssemblies.ProcessInitializeOnLoadMethodAttributes () [0x00056] in <95707308f6f3498991e9df8902fe97ba>:0 
UnityEngine.Debug:ExtractStackTraceNoAlloc (byte*,int,string)
UnityEngine.StackTraceUtility:ExtractStackTrace ()
UnityEngine.DebugLogHandler:Internal_Log (UnityEngine.LogType,UnityEngine.LogOption,string,UnityEngine.Object)
UnityEngine.DebugLogHandler:LogFormat (UnityEngine.LogType,UnityEngine.Object,string,object[])
UnityEngine.Logger:Log (UnityEngine.LogType,object)
UnityEngine.Debug:LogError (object)
UnityEditor.EditorAssemblies:ProcessInitializeOnLoadMethodAttributes ()

Mono: successfully reloaded assembly
[Package Manager] Failed to launch server process. Reason: Unity was launched with the -noUpm command-line argument
[Package Manager] Unable to send message (not connected to server process).
[Package Manager] Cannot connect to Unity Package Manager local server
- Finished resetting the current domain, in  1.325 seconds
Domain Reload Profiling: 2318ms
	BeginReloadAssembly (295ms)
		ExecutionOrderSort (0ms)
		DisableScriptedObjects (10ms)
		BackupInstance (0ms)
		ReleaseScriptingObjects (0ms)
		CreateAndSetChildDomain (59ms)
	RebuildCommonClasses (52ms)
	RebuildNativeTypeToScriptingClass (15ms)
	initialDomainReloadingComplete (33ms)
	LoadAllAssembliesAndSetupDomain (598ms)
		LoadAssemblies (500ms)
		RebuildTransferFunctionScriptingTraits (0ms)
		AnalyzeDomain (272ms)
			TypeCache.Refresh (7ms)
				TypeCache.ScanAssembly (0ms)
			BuildScriptInfoCaches (237ms)
			ResolveRequiredComponents (23ms)
	FinalizeReload (1325ms)
		ReleaseScriptCaches (0ms)
		RebuildScriptCaches (0ms)
		SetupLoadedEditorAssemblies (1066ms)
			LogAssemblyErrors (0ms)
			InitializePlatformSupportModulesInManaged (3ms)
			SetLoadedEditorAssemblies (4ms)
			BeforeProcessingInitializeOnLoad (160ms)
			ProcessInitializeOnLoadAttributes (746ms)
			ProcessInitializeOnLoadMethodAttributes (148ms)
			AfterProcessingInitializeOnLoad (3ms)
			EditorAssembliesLoaded (0ms)
		ExecutionOrderSort2 (0ms)
		AwakeInstancesAfterBackupRestoration (13ms)
Refreshing native plugins compatible for Editor in 32.50 ms, found 12 plugins.
Preloading 1 native plugins for Editor in 0.10 ms.
Unloading 47 Unused Serialized files (Serialized files now loaded: 0)
Unloading 6989 unused Assets / (7.4 MB). Loaded Objects now: 7767.
Memory consumption went from 212.7 MB to 205.2 MB.
Total: 18.981000 ms (FindLiveObjects: 1.980600 ms CreateObjectMapping: 1.427900 ms MarkObjects: 9.205400 ms  DeleteObjects: 6.365500 ms)

Prepare: number of updated asset objects reloaded= 0
========================================================================
Received Import Request.
  Time since last request: 142.280178 seconds.
  path: Assets/Scenes/level 1.unity
  artifactKey: Guid(3fb2dc13961fa9f42adcec7cbe5073f1) Importer(815301076,1909f56bfc062723c751e8b465ee728b)
Start importing Assets/Scenes/level 1.unity using Guid(3fb2dc13961fa9f42adcec7cbe5073f1) Importer(815301076,1909f56bfc062723c751e8b465ee728b) (PreviewImporter) -> (artifact id: '730d239472981cdb8fe4c803df055ab4') in 0.0202895 seconds
Number of updated asset objects reloaded before import = 0Number of asset objects unloaded after import = 0

========================================================================
Received Prepare
Begin MonoManager ReloadAssembly
- Loaded All Assemblies, in  0.972 seconds
Refreshing native plugins compatible for Editor in 15.48 ms, found 12 plugins.
Native extension for WindowsStandalone target not found
[Package Manager] Failed to launch server process. Reason: Unity was launched with the -noUpm command-line argument
[Package Manager] Unable to send message (not connected to server process).
[Package Manager] Cannot connect to Unity Package Manager local server
System.NullReferenceException: Object reference not set to an instance of an object
  at UnityEditor.XR.Interaction.Toolkit.Analytics.XRIAnalytics..cctor () [0x00000] in .\Library\PackageCache\com.unity.xr.interaction.toolkit@42ef3600567b\Editor\Analytics\XRIAnalytics.cs:32 
UnityEngine.Debug:ExtractStackTraceNoAlloc (byte*,int,string)
UnityEngine.StackTraceUtility:ExtractStackTrace ()
UnityEngine.DebugLogHandler:Internal_Log (UnityEngine.LogType,UnityEngine.LogOption,string,UnityEngine.Object)
UnityEngine.DebugLogHandler:LogFormat (UnityEngine.LogType,UnityEngine.Object,string,object[])
UnityEngine.Logger:Log (UnityEngine.LogType,object)
UnityEngine.Debug:LogError (object)
UnityEditor.EditorAssemblies:ProcessInitializeOnLoadAttributes (System.Type[])

System.Reflection.TargetInvocationException: Exception has been thrown by the target of an invocation. ---> System.NullReferenceException: Object reference not set to an instance of an object
  at Unity.XR.Oculus.OculusLoader.AssetPathToAbsolutePath (System.String assetPath) [0x0003d] in .\Library\PackageCache\com.unity.xr.oculus@f23ad2c521e1\Runtime\OculusLoader.cs:312 
  at Unity.XR.Oculus.OculusLoader.EditorLoadOVRPlugin () [0x0008c] in .\Library\PackageCache\com.unity.xr.oculus@f23ad2c521e1\Runtime\OculusLoader.cs:297 
  at (wrapper managed-to-native) System.Reflection.RuntimeMethodInfo.InternalInvoke(System.Reflection.RuntimeMethodInfo,object,object[],System.Exception&)
  at System.Reflection.RuntimeMethodInfo.Invoke (System.Object obj, System.Reflection.BindingFlags invokeAttr, System.Reflection.Binder binder, System.Object[] parameters, System.Globalization.CultureInfo culture) [0x0006a] in <13c0c460649d4ce49f991e2c222fa635>:0 
   --- End of inner exception stack trace ---
  at System.Reflection.RuntimeMethodInfo.Invoke (System.Object obj, System.Reflection.BindingFlags invokeAttr, System.Reflection.Binder binder, System.Object[] parameters, System.Globalization.CultureInfo culture) [0x00083] in <13c0c460649d4ce49f991e2c222fa635>:0 
  at System.Reflection.MethodBase.Invoke (System.Object obj, System.Object[] parameters) [0x00000] in <13c0c460649d4ce49f991e2c222fa635>:0 
  at UnityEditor.EditorAssemblies.ProcessInitializeOnLoadMethodAttributes () [0x00056] in <95707308f6f3498991e9df8902fe97ba>:0 
UnityEngine.Debug:ExtractStackTraceNoAlloc (byte*,int,string)
UnityEngine.StackTraceUtility:ExtractStackTrace ()
UnityEngine.DebugLogHandler:Internal_Log (UnityEngine.LogType,UnityEngine.LogOption,string,UnityEngine.Object)
UnityEngine.DebugLogHandler:LogFormat (UnityEngine.LogType,UnityEngine.Object,string,object[])
UnityEngine.Logger:Log (UnityEngine.LogType,object)
UnityEngine.Debug:LogError (object)
UnityEditor.EditorAssemblies:ProcessInitializeOnLoadMethodAttributes ()

Mono: successfully reloaded assembly
[Package Manager] Failed to launch server process. Reason: Unity was launched with the -noUpm command-line argument
[Package Manager] Unable to send message (not connected to server process).
[Package Manager] Cannot connect to Unity Package Manager local server
- Finished resetting the current domain, in  1.289 seconds
Domain Reload Profiling: 2264ms
	BeginReloadAssembly (278ms)
		ExecutionOrderSort (0ms)
		DisableScriptedObjects (7ms)
		BackupInstance (0ms)
		ReleaseScriptingObjects (0ms)
		CreateAndSetChildDomain (60ms)
	RebuildCommonClasses (47ms)
	RebuildNativeTypeToScriptingClass (20ms)
	initialDomainReloadingComplete (31ms)
	LoadAllAssembliesAndSetupDomain (599ms)
		LoadAssemblies (504ms)
		RebuildTransferFunctionScriptingTraits (0ms)
		AnalyzeDomain (258ms)
			TypeCache.Refresh (7ms)
				TypeCache.ScanAssembly (0ms)
			BuildScriptInfoCaches (226ms)
			ResolveRequiredComponents (21ms)
	FinalizeReload (1290ms)
		ReleaseScriptCaches (0ms)
		RebuildScriptCaches (0ms)
		SetupLoadedEditorAssemblies (1023ms)
			LogAssemblyErrors (0ms)
			InitializePlatformSupportModulesInManaged (2ms)
			SetLoadedEditorAssemblies (4ms)
			BeforeProcessingInitializeOnLoad (145ms)
			ProcessInitializeOnLoadAttributes (725ms)
			ProcessInitializeOnLoadMethodAttributes (143ms)
			AfterProcessingInitializeOnLoad (3ms)
			EditorAssembliesLoaded (0ms)
		ExecutionOrderSort2 (0ms)
		AwakeInstancesAfterBackupRestoration (16ms)
Refreshing native plugins compatible for Editor in 18.93 ms, found 12 plugins.
Preloading 1 native plugins for Editor in 0.10 ms.
Unloading 47 Unused Serialized files (Serialized files now loaded: 0)
Unloading 6989 unused Assets / (7.5 MB). Loaded Objects now: 7770.
Memory consumption went from 212.7 MB to 205.2 MB.
Total: 17.146000 ms (FindLiveObjects: 1.285700 ms CreateObjectMapping: 1.334200 ms MarkObjects: 8.652000 ms  DeleteObjects: 5.872100 ms)

Prepare: number of updated asset objects reloaded= 0
========================================================================
Received Prepare
Begin MonoManager ReloadAssembly
- Loaded All Assemblies, in  0.957 seconds
Refreshing native plugins compatible for Editor in 13.31 ms, found 12 plugins.
Native extension for WindowsStandalone target not found
[Package Manager] Failed to launch server process. Reason: Unity was launched with the -noUpm command-line argument
[Package Manager] Unable to send message (not connected to server process).
[Package Manager] Cannot connect to Unity Package Manager local server
System.NullReferenceException: Object reference not set to an instance of an object
  at UnityEditor.XR.Interaction.Toolkit.Analytics.XRIAnalytics..cctor () [0x00000] in .\Library\PackageCache\com.unity.xr.interaction.toolkit@42ef3600567b\Editor\Analytics\XRIAnalytics.cs:32 
UnityEngine.Debug:ExtractStackTraceNoAlloc (byte*,int,string)
UnityEngine.StackTraceUtility:ExtractStackTrace ()
UnityEngine.DebugLogHandler:Internal_Log (UnityEngine.LogType,UnityEngine.LogOption,string,UnityEngine.Object)
UnityEngine.DebugLogHandler:LogFormat (UnityEngine.LogType,UnityEngine.Object,string,object[])
UnityEngine.Logger:Log (UnityEngine.LogType,object)
UnityEngine.Debug:LogError (object)
UnityEditor.EditorAssemblies:ProcessInitializeOnLoadAttributes (System.Type[])

System.Reflection.TargetInvocationException: Exception has been thrown by the target of an invocation. ---> System.NullReferenceException: Object reference not set to an instance of an object
  at Unity.XR.Oculus.OculusLoader.AssetPathToAbsolutePath (System.String assetPath) [0x0003d] in .\Library\PackageCache\com.unity.xr.oculus@f23ad2c521e1\Runtime\OculusLoader.cs:312 
  at Unity.XR.Oculus.OculusLoader.EditorLoadOVRPlugin () [0x0008c] in .\Library\PackageCache\com.unity.xr.oculus@f23ad2c521e1\Runtime\OculusLoader.cs:297 
  at (wrapper managed-to-native) System.Reflection.RuntimeMethodInfo.InternalInvoke(System.Reflection.RuntimeMethodInfo,object,object[],System.Exception&)
  at System.Reflection.RuntimeMethodInfo.Invoke (System.Object obj, System.Reflection.BindingFlags invokeAttr, System.Reflection.Binder binder, System.Object[] parameters, System.Globalization.CultureInfo culture) [0x0006a] in <13c0c460649d4ce49f991e2c222fa635>:0 
   --- End of inner exception stack trace ---
  at System.Reflection.RuntimeMethodInfo.Invoke (System.Object obj, System.Reflection.BindingFlags invokeAttr, System.Reflection.Binder binder, System.Object[] parameters, System.Globalization.CultureInfo culture) [0x00083] in <13c0c460649d4ce49f991e2c222fa635>:0 
  at System.Reflection.MethodBase.Invoke (System.Object obj, System.Object[] parameters) [0x00000] in <13c0c460649d4ce49f991e2c222fa635>:0 
  at UnityEditor.EditorAssemblies.ProcessInitializeOnLoadMethodAttributes () [0x00056] in <95707308f6f3498991e9df8902fe97ba>:0 
UnityEngine.Debug:ExtractStackTraceNoAlloc (byte*,int,string)
UnityEngine.StackTraceUtility:ExtractStackTrace ()
UnityEngine.DebugLogHandler:Internal_Log (UnityEngine.LogType,UnityEngine.LogOption,string,UnityEngine.Object)
UnityEngine.DebugLogHandler:LogFormat (UnityEngine.LogType,UnityEngine.Object,string,object[])
UnityEngine.Logger:Log (UnityEngine.LogType,object)
UnityEngine.Debug:LogError (object)
UnityEditor.EditorAssemblies:ProcessInitializeOnLoadMethodAttributes ()

Mono: successfully reloaded assembly
[Package Manager] Failed to launch server process. Reason: Unity was launched with the -noUpm command-line argument
[Package Manager] Unable to send message (not connected to server process).
[Package Manager] Cannot connect to Unity Package Manager local server
- Finished resetting the current domain, in  1.315 seconds
Domain Reload Profiling: 2273ms
	BeginReloadAssembly (286ms)
		ExecutionOrderSort (0ms)
		DisableScriptedObjects (7ms)
		BackupInstance (0ms)
		ReleaseScriptingObjects (0ms)
		CreateAndSetChildDomain (58ms)
	RebuildCommonClasses (47ms)
	RebuildNativeTypeToScriptingClass (17ms)
	initialDomainReloadingComplete (29ms)
	LoadAllAssembliesAndSetupDomain (578ms)
		LoadAssemblies (489ms)
		RebuildTransferFunctionScriptingTraits (0ms)
		AnalyzeDomain (264ms)
			TypeCache.Refresh (8ms)
				TypeCache.ScanAssembly (0ms)
			BuildScriptInfoCaches (234ms)
			ResolveRequiredComponents (18ms)
	FinalizeReload (1316ms)
		ReleaseScriptCaches (0ms)
		RebuildScriptCaches (0ms)
		SetupLoadedEditorAssemblies (1037ms)
			LogAssemblyErrors (0ms)
			InitializePlatformSupportModulesInManaged (3ms)
			SetLoadedEditorAssemblies (4ms)
			BeforeProcessingInitializeOnLoad (155ms)
			ProcessInitializeOnLoadAttributes (716ms)
			ProcessInitializeOnLoadMethodAttributes (155ms)
			AfterProcessingInitializeOnLoad (4ms)
			EditorAssembliesLoaded (0ms)
		ExecutionOrderSort2 (0ms)
		AwakeInstancesAfterBackupRestoration (15ms)
Refreshing native plugins compatible for Editor in 26.48 ms, found 12 plugins.
Preloading 1 native plugins for Editor in 0.10 ms.
Unloading 47 Unused Serialized files (Serialized files now loaded: 0)
Unloading 6989 unused Assets / (8.5 MB). Loaded Objects now: 7773.
Memory consumption went from 212.7 MB to 204.2 MB.
Total: 20.622100 ms (FindLiveObjects: 1.332000 ms CreateObjectMapping: 1.328100 ms MarkObjects: 9.876000 ms  DeleteObjects: 8.084100 ms)

Prepare: number of updated asset objects reloaded= 0
========================================================================
Received Prepare
Begin MonoManager ReloadAssembly
- Loaded All Assemblies, in  0.994 seconds
Refreshing native plugins compatible for Editor in 13.04 ms, found 12 plugins.
Native extension for WindowsStandalone target not found
[Package Manager] Failed to launch server process. Reason: Unity was launched with the -noUpm command-line argument
[Package Manager] Unable to send message (not connected to server process).
[Package Manager] Cannot connect to Unity Package Manager local server
System.NullReferenceException: Object reference not set to an instance of an object
  at UnityEditor.XR.Interaction.Toolkit.Analytics.XRIAnalytics..cctor () [0x00000] in .\Library\PackageCache\com.unity.xr.interaction.toolkit@42ef3600567b\Editor\Analytics\XRIAnalytics.cs:32 
UnityEngine.Debug:ExtractStackTraceNoAlloc (byte*,int,string)
UnityEngine.StackTraceUtility:ExtractStackTrace ()
UnityEngine.DebugLogHandler:Internal_Log (UnityEngine.LogType,UnityEngine.LogOption,string,UnityEngine.Object)
UnityEngine.DebugLogHandler:LogFormat (UnityEngine.LogType,UnityEngine.Object,string,object[])
UnityEngine.Logger:Log (UnityEngine.LogType,object)
UnityEngine.Debug:LogError (object)
UnityEditor.EditorAssemblies:ProcessInitializeOnLoadAttributes (System.Type[])

System.Reflection.TargetInvocationException: Exception has been thrown by the target of an invocation. ---> System.NullReferenceException: Object reference not set to an instance of an object
  at Unity.XR.Oculus.OculusLoader.AssetPathToAbsolutePath (System.String assetPath) [0x0003d] in .\Library\PackageCache\com.unity.xr.oculus@f23ad2c521e1\Runtime\OculusLoader.cs:312 
  at Unity.XR.Oculus.OculusLoader.EditorLoadOVRPlugin () [0x0008c] in .\Library\PackageCache\com.unity.xr.oculus@f23ad2c521e1\Runtime\OculusLoader.cs:297 
  at (wrapper managed-to-native) System.Reflection.RuntimeMethodInfo.InternalInvoke(System.Reflection.RuntimeMethodInfo,object,object[],System.Exception&)
  at System.Reflection.RuntimeMethodInfo.Invoke (System.Object obj, System.Reflection.BindingFlags invokeAttr, System.Reflection.Binder binder, System.Object[] parameters, System.Globalization.CultureInfo culture) [0x0006a] in <13c0c460649d4ce49f991e2c222fa635>:0 
   --- End of inner exception stack trace ---
  at System.Reflection.RuntimeMethodInfo.Invoke (System.Object obj, System.Reflection.BindingFlags invokeAttr, System.Reflection.Binder binder, System.Object[] parameters, System.Globalization.CultureInfo culture) [0x00083] in <13c0c460649d4ce49f991e2c222fa635>:0 
  at System.Reflection.MethodBase.Invoke (System.Object obj, System.Object[] parameters) [0x00000] in <13c0c460649d4ce49f991e2c222fa635>:0 
  at UnityEditor.EditorAssemblies.ProcessInitializeOnLoadMethodAttributes () [0x00056] in <95707308f6f3498991e9df8902fe97ba>:0 
UnityEngine.Debug:ExtractStackTraceNoAlloc (byte*,int,string)
UnityEngine.StackTraceUtility:ExtractStackTrace ()
UnityEngine.DebugLogHandler:Internal_Log (UnityEngine.LogType,UnityEngine.LogOption,string,UnityEngine.Object)
UnityEngine.DebugLogHandler:LogFormat (UnityEngine.LogType,UnityEngine.Object,string,object[])
UnityEngine.Logger:Log (UnityEngine.LogType,object)
UnityEngine.Debug:LogError (object)
UnityEditor.EditorAssemblies:ProcessInitializeOnLoadMethodAttributes ()

Mono: successfully reloaded assembly
[Package Manager] Failed to launch server process. Reason: Unity was launched with the -noUpm command-line argument
[Package Manager] Unable to send message (not connected to server process).
[Package Manager] Cannot connect to Unity Package Manager local server
- Finished resetting the current domain, in  1.288 seconds
Domain Reload Profiling: 2284ms
	BeginReloadAssembly (287ms)
		ExecutionOrderSort (0ms)
		DisableScriptedObjects (8ms)
		BackupInstance (0ms)
		ReleaseScriptingObjects (0ms)
		CreateAndSetChildDomain (60ms)
	RebuildCommonClasses (43ms)
	RebuildNativeTypeToScriptingClass (18ms)
	initialDomainReloadingComplete (37ms)
	LoadAllAssembliesAndSetupDomain (610ms)
		LoadAssemblies (500ms)
		RebuildTransferFunctionScriptingTraits (0ms)
		AnalyzeDomain (279ms)
			TypeCache.Refresh (8ms)
				TypeCache.ScanAssembly (0ms)
			BuildScriptInfoCaches (247ms)
			ResolveRequiredComponents (20ms)
	FinalizeReload (1289ms)
		ReleaseScriptCaches (0ms)
		RebuildScriptCaches (0ms)
		SetupLoadedEditorAssemblies (1012ms)
			LogAssemblyErrors (0ms)
			InitializePlatformSupportModulesInManaged (2ms)
			SetLoadedEditorAssemblies (4ms)
			BeforeProcessingInitializeOnLoad (155ms)
			ProcessInitializeOnLoadAttributes (696ms)
			ProcessInitializeOnLoadMethodAttributes (149ms)
			AfterProcessingInitializeOnLoad (5ms)
			EditorAssembliesLoaded (0ms)
		ExecutionOrderSort2 (0ms)
		AwakeInstancesAfterBackupRestoration (22ms)
Refreshing native plugins compatible for Editor in 20.54 ms, found 12 plugins.
Preloading 1 native plugins for Editor in 0.15 ms.
Unloading 47 Unused Serialized files (Serialized files now loaded: 0)
Unloading 6989 unused Assets / (8.6 MB). Loaded Objects now: 7776.
Memory consumption went from 212.7 MB to 204.1 MB.
Total: 19.503100 ms (FindLiveObjects: 1.247800 ms CreateObjectMapping: 1.441800 ms MarkObjects: 8.811200 ms  DeleteObjects: 8.000900 ms)

Prepare: number of updated asset objects reloaded= 0
========================================================================
Received Prepare
Refreshing native plugins compatible for Editor in 19.55 ms, found 12 plugins.
Preloading 1 native plugins for Editor in 0.08 ms.
Unloading 34 Unused Serialized files (Serialized files now loaded: 0)
Unloading 6936 unused Assets / (6.7 MB). Loaded Objects now: 7761.
Memory consumption went from 160.1 MB to 153.5 MB.
Total: 16.401200 ms (FindLiveObjects: 1.328200 ms CreateObjectMapping: 1.308400 ms MarkObjects: 8.468900 ms  DeleteObjects: 5.294400 ms)

Prepare: number of updated asset objects reloaded= 0
========================================================================
Received Prepare
Begin MonoManager ReloadAssembly
- Loaded All Assemblies, in  1.017 seconds
Refreshing native plugins compatible for Editor in 18.24 ms, found 12 plugins.
Native extension for WindowsStandalone target not found
[Package Manager] Failed to launch server process. Reason: Unity was launched with the -noUpm command-line argument
[Package Manager] Unable to send message (not connected to server process).
[Package Manager] Cannot connect to Unity Package Manager local server
System.NullReferenceException: Object reference not set to an instance of an object
  at UnityEditor.XR.Interaction.Toolkit.Analytics.XRIAnalytics..cctor () [0x00000] in .\Library\PackageCache\com.unity.xr.interaction.toolkit@42ef3600567b\Editor\Analytics\XRIAnalytics.cs:32 
UnityEngine.Debug:ExtractStackTraceNoAlloc (byte*,int,string)
UnityEngine.StackTraceUtility:ExtractStackTrace ()
UnityEngine.DebugLogHandler:Internal_Log (UnityEngine.LogType,UnityEngine.LogOption,string,UnityEngine.Object)
UnityEngine.DebugLogHandler:LogFormat (UnityEngine.LogType,UnityEngine.Object,string,object[])
UnityEngine.Logger:Log (UnityEngine.LogType,object)
UnityEngine.Debug:LogError (object)
UnityEditor.EditorAssemblies:ProcessInitializeOnLoadAttributes (System.Type[])

System.Reflection.TargetInvocationException: Exception has been thrown by the target of an invocation. ---> System.NullReferenceException: Object reference not set to an instance of an object
  at Unity.XR.Oculus.OculusLoader.AssetPathToAbsolutePath (System.String assetPath) [0x0003d] in .\Library\PackageCache\com.unity.xr.oculus@f23ad2c521e1\Runtime\OculusLoader.cs:312 
  at Unity.XR.Oculus.OculusLoader.EditorLoadOVRPlugin () [0x0008c] in .\Library\PackageCache\com.unity.xr.oculus@f23ad2c521e1\Runtime\OculusLoader.cs:297 
  at (wrapper managed-to-native) System.Reflection.RuntimeMethodInfo.InternalInvoke(System.Reflection.RuntimeMethodInfo,object,object[],System.Exception&)
  at System.Reflection.RuntimeMethodInfo.Invoke (System.Object obj, System.Reflection.BindingFlags invokeAttr, System.Reflection.Binder binder, System.Object[] parameters, System.Globalization.CultureInfo culture) [0x0006a] in <13c0c460649d4ce49f991e2c222fa635>:0 
   --- End of inner exception stack trace ---
  at System.Reflection.RuntimeMethodInfo.Invoke (System.Object obj, System.Reflection.BindingFlags invokeAttr, System.Reflection.Binder binder, System.Object[] parameters, System.Globalization.CultureInfo culture) [0x00083] in <13c0c460649d4ce49f991e2c222fa635>:0 
  at System.Reflection.MethodBase.Invoke (System.Object obj, System.Object[] parameters) [0x00000] in <13c0c460649d4ce49f991e2c222fa635>:0 
  at UnityEditor.EditorAssemblies.ProcessInitializeOnLoadMethodAttributes () [0x00056] in <95707308f6f3498991e9df8902fe97ba>:0 
UnityEngine.Debug:ExtractStackTraceNoAlloc (byte*,int,string)
UnityEngine.StackTraceUtility:ExtractStackTrace ()
UnityEngine.DebugLogHandler:Internal_Log (UnityEngine.LogType,UnityEngine.LogOption,string,UnityEngine.Object)
UnityEngine.DebugLogHandler:LogFormat (UnityEngine.LogType,UnityEngine.Object,string,object[])
UnityEngine.Logger:Log (UnityEngine.LogType,object)
UnityEngine.Debug:LogError (object)
UnityEditor.EditorAssemblies:ProcessInitializeOnLoadMethodAttributes ()

Mono: successfully reloaded assembly
[Package Manager] Failed to launch server process. Reason: Unity was launched with the -noUpm command-line argument
[Package Manager] Unable to send message (not connected to server process).
[Package Manager] Cannot connect to Unity Package Manager local server
- Finished resetting the current domain, in  1.372 seconds
Domain Reload Profiling: 2391ms
	BeginReloadAssembly (291ms)
		ExecutionOrderSort (0ms)
		DisableScriptedObjects (7ms)
		BackupInstance (0ms)
		ReleaseScriptingObjects (0ms)
		CreateAndSetChildDomain (62ms)
	RebuildCommonClasses (47ms)
	RebuildNativeTypeToScriptingClass (22ms)
	initialDomainReloadingComplete (35ms)
	LoadAllAssembliesAndSetupDomain (624ms)
		LoadAssemblies (519ms)
		RebuildTransferFunctionScriptingTraits (0ms)
		AnalyzeDomain (276ms)
			TypeCache.Refresh (11ms)
				TypeCache.ScanAssembly (1ms)
			BuildScriptInfoCaches (243ms)
			ResolveRequiredComponents (18ms)
	FinalizeReload (1372ms)
		ReleaseScriptCaches (0ms)
		RebuildScriptCaches (0ms)
		SetupLoadedEditorAssemblies (1107ms)
			LogAssemblyErrors (0ms)
			InitializePlatformSupportModulesInManaged (2ms)
			SetLoadedEditorAssemblies (4ms)
			BeforeProcessingInitializeOnLoad (151ms)
			ProcessInitializeOnLoadAttributes (779ms)
			ProcessInitializeOnLoadMethodAttributes (166ms)
			AfterProcessingInitializeOnLoad (4ms)
			EditorAssembliesLoaded (0ms)
		ExecutionOrderSort2 (0ms)
		AwakeInstancesAfterBackupRestoration (18ms)
Refreshing native plugins compatible for Editor in 20.00 ms, found 12 plugins.
Preloading 1 native plugins for Editor in 0.08 ms.
Unloading 47 Unused Serialized files (Serialized files now loaded: 0)
Unloading 6990 unused Assets / (7.8 MB). Loaded Objects now: 7780.
Memory consumption went from 212.7 MB to 204.9 MB.
Total: 19.333400 ms (FindLiveObjects: 1.319700 ms CreateObjectMapping: 1.521300 ms MarkObjects: 9.789400 ms  DeleteObjects: 6.701700 ms)

Prepare: number of updated asset objects reloaded= 0
========================================================================
Received Prepare
Refreshing native plugins compatible for Editor in 22.23 ms, found 12 plugins.
Preloading 1 native plugins for Editor in 0.07 ms.
Unloading 34 Unused Serialized files (Serialized files now loaded: 0)
Unloading 6936 unused Assets / (6.6 MB). Loaded Objects now: 7764.
Memory consumption went from 160.2 MB to 153.6 MB.
Total: 18.789400 ms (FindLiveObjects: 1.402900 ms CreateObjectMapping: 1.576200 ms MarkObjects: 9.352200 ms  DeleteObjects: 6.456500 ms)

Prepare: number of updated asset objects reloaded= 0
========================================================================
Received Prepare
Refreshing native plugins compatible for Editor in 20.91 ms, found 12 plugins.
Preloading 1 native plugins for Editor in 0.08 ms.
Unloading 34 Unused Serialized files (Serialized files now loaded: 0)
Unloading 6936 unused Assets / (7.2 MB). Loaded Objects now: 7764.
Memory consumption went from 159.5 MB to 152.3 MB.
Total: 18.690100 ms (FindLiveObjects: 1.777500 ms CreateObjectMapping: 1.504700 ms MarkObjects: 8.668800 ms  DeleteObjects: 6.738000 ms)

Prepare: number of updated asset objects reloaded= 0
========================================================================
Received Import Request.
  Time since last request: 296.514055 seconds.
  path: Assets/Scripts/Fire.cs
  artifactKey: Guid(2c92f83db165c7348b16e47601fc17b5) Importer(815301076,1909f56bfc062723c751e8b465ee728b)
Start importing Assets/Scripts/Fire.cs using Guid(2c92f83db165c7348b16e47601fc17b5) Importer(815301076,1909f56bfc062723c751e8b465ee728b) (PreviewImporter) -> (artifact id: '8591734a1a462c319939c0ab06ba49ec') in 0.050216 seconds
Number of updated asset objects reloaded before import = 0Number of asset objects unloaded after import = 0

========================================================================
Received Prepare
Refreshing native plugins compatible for Editor in 19.10 ms, found 12 plugins.
Preloading 1 native plugins for Editor in 0.07 ms.
Unloading 34 Unused Serialized files (Serialized files now loaded: 0)
Unloading 6936 unused Assets / (6.3 MB). Loaded Objects now: 7764.
Memory consumption went from 159.5 MB to 153.2 MB.
Total: 18.214200 ms (FindLiveObjects: 1.714200 ms CreateObjectMapping: 1.303900 ms MarkObjects: 9.393300 ms  DeleteObjects: 5.801500 ms)

Prepare: number of updated asset objects reloaded= 0
========================================================================
Received Prepare
Refreshing native plugins compatible for Editor in 20.51 ms, found 12 plugins.
Preloading 1 native plugins for Editor in 0.07 ms.
Unloading 34 Unused Serialized files (Serialized files now loaded: 0)
Unloading 6936 unused Assets / (6.9 MB). Loaded Objects now: 7764.
Memory consumption went from 159.5 MB to 152.6 MB.
Total: 19.124300 ms (FindLiveObjects: 1.496300 ms CreateObjectMapping: 1.679000 ms MarkObjects: 9.896700 ms  DeleteObjects: 6.051000 ms)

Prepare: number of updated asset objects reloaded= 0
========================================================================
Received Prepare
Refreshing native plugins compatible for Editor in 19.06 ms, found 12 plugins.
Preloading 1 native plugins for Editor in 0.08 ms.
Unloading 34 Unused Serialized files (Serialized files now loaded: 0)
Unloading 6936 unused Assets / (6.7 MB). Loaded Objects now: 7764.
Memory consumption went from 159.5 MB to 152.8 MB.
Total: 17.797500 ms (FindLiveObjects: 1.404000 ms CreateObjectMapping: 1.383400 ms MarkObjects: 9.510400 ms  DeleteObjects: 5.496800 ms)

Prepare: number of updated asset objects reloaded= 0
========================================================================
Received Import Request.
  Time since last request: 262.635217 seconds.
  path: Assets/Scripts/Knopkavnutri.cs
  artifactKey: Guid(fcc7f1b5e10dc0344b85929adf88ee98) Importer(815301076,1909f56bfc062723c751e8b465ee728b)
Start importing Assets/Scripts/Knopkavnutri.cs using Guid(fcc7f1b5e10dc0344b85929adf88ee98) Importer(815301076,1909f56bfc062723c751e8b465ee728b) (PreviewImporter) -> (artifact id: 'b5e1bf8c9e78619bdda1c308209ab863') in 0.011402 seconds
Number of updated asset objects reloaded before import = 0Number of asset objects unloaded after import = 0

========================================================================
Received Import Request.
  Time since last request: 65.961643 seconds.
  path: Assets/Scripts/Statemachine/AttacState.cs
  artifactKey: Guid(253fdf685bff90a44866c0e13aa43799) Importer(815301076,1909f56bfc062723c751e8b465ee728b)
Start importing Assets/Scripts/Statemachine/AttacState.cs using Guid(253fdf685bff90a44866c0e13aa43799) Importer(815301076,1909f56bfc062723c751e8b465ee728b) (PreviewImporter) -> (artifact id: 'fa2aa87b0af82f4e03a89164489f9382') in 0.0661044 seconds
Number of updated asset objects reloaded before import = 0Number of asset objects unloaded after import = 0

========================================================================
Received Prepare
Refreshing native plugins compatible for Editor in 28.66 ms, found 12 plugins.
Preloading 1 native plugins for Editor in 0.10 ms.
Unloading 34 Unused Serialized files (Serialized files now loaded: 0)
Unloading 6936 unused Assets / (6.3 MB). Loaded Objects now: 7764.
Memory consumption went from 159.5 MB to 153.2 MB.
Total: 17.318700 ms (FindLiveObjects: 1.587400 ms CreateObjectMapping: 1.723600 ms MarkObjects: 8.751800 ms  DeleteObjects: 5.254500 ms)

Prepare: number of updated asset objects reloaded= 0
========================================================================
Received Prepare
Refreshing native plugins compatible for Editor in 19.21 ms, found 12 plugins.
Preloading 1 native plugins for Editor in 0.08 ms.
Unloading 34 Unused Serialized files (Serialized files now loaded: 0)
Unloading 6936 unused Assets / (6.6 MB). Loaded Objects now: 7764.
Memory consumption went from 159.5 MB to 153.0 MB.
Total: 17.839000 ms (FindLiveObjects: 1.368300 ms CreateObjectMapping: 1.295300 ms MarkObjects: 9.720900 ms  DeleteObjects: 5.453100 ms)

Prepare: number of updated asset objects reloaded= 0
========================================================================
Received Prepare
Refreshing native plugins compatible for Editor in 60.06 ms, found 12 plugins.
Preloading 1 native plugins for Editor in 0.11 ms.
Unloading 34 Unused Serialized files (Serialized files now loaded: 0)
Unloading 6936 unused Assets / (7.2 MB). Loaded Objects now: 7764.
Memory consumption went from 159.5 MB to 152.3 MB.
Total: 19.545600 ms (FindLiveObjects: 1.268700 ms CreateObjectMapping: 1.241100 ms MarkObjects: 10.733300 ms  DeleteObjects: 6.297800 ms)

Prepare: number of updated asset objects reloaded= 0
========================================================================
Received Prepare
Refreshing native plugins compatible for Editor in 19.03 ms, found 12 plugins.
Preloading 1 native plugins for Editor in 0.07 ms.
Unloading 34 Unused Serialized files (Serialized files now loaded: 0)
Unloading 6936 unused Assets / (6.5 MB). Loaded Objects now: 7764.
Memory consumption went from 159.5 MB to 153.0 MB.
Total: 16.314500 ms (FindLiveObjects: 1.328100 ms CreateObjectMapping: 1.404100 ms MarkObjects: 8.242300 ms  DeleteObjects: 5.338900 ms)

Prepare: number of updated asset objects reloaded= 0
========================================================================
Received Prepare
Refreshing native plugins compatible for Editor in 19.40 ms, found 12 plugins.
Preloading 1 native plugins for Editor in 0.07 ms.
Unloading 34 Unused Serialized files (Serialized files now loaded: 0)
Unloading 6936 unused Assets / (6.9 MB). Loaded Objects now: 7764.
Memory consumption went from 159.5 MB to 152.6 MB.
Total: 18.533400 ms (FindLiveObjects: 1.245000 ms CreateObjectMapping: 1.559500 ms MarkObjects: 9.582500 ms  DeleteObjects: 6.144800 ms)

Prepare: number of updated asset objects reloaded= 0
========================================================================
Received Prepare
Refreshing native plugins compatible for Editor in 18.96 ms, found 12 plugins.
Preloading 1 native plugins for Editor in 0.07 ms.
Unloading 34 Unused Serialized files (Serialized files now loaded: 0)
Unloading 6936 unused Assets / (6.9 MB). Loaded Objects now: 7764.
Memory consumption went from 159.5 MB to 152.6 MB.
Total: 18.360100 ms (FindLiveObjects: 1.389300 ms CreateObjectMapping: 1.389400 ms MarkObjects: 9.058400 ms  DeleteObjects: 6.521400 ms)

Prepare: number of updated asset objects reloaded= 0
========================================================================
Received Prepare
Refreshing native plugins compatible for Editor in 20.57 ms, found 12 plugins.
Preloading 1 native plugins for Editor in 0.07 ms.
Unloading 34 Unused Serialized files (Serialized files now loaded: 0)
Unloading 6936 unused Assets / (7.6 MB). Loaded Objects now: 7764.
Memory consumption went from 159.5 MB to 151.9 MB.
Total: 22.905900 ms (FindLiveObjects: 1.412300 ms CreateObjectMapping: 1.457600 ms MarkObjects: 12.304700 ms  DeleteObjects: 7.729900 ms)

Prepare: number of updated asset objects reloaded= 0
========================================================================
Received Prepare
Refreshing native plugins compatible for Editor in 21.76 ms, found 12 plugins.
Preloading 1 native plugins for Editor in 0.09 ms.
Unloading 34 Unused Serialized files (Serialized files now loaded: 0)
Unloading 6936 unused Assets / (7.4 MB). Loaded Objects now: 7764.
Memory consumption went from 159.5 MB to 152.1 MB.
Total: 22.320500 ms (FindLiveObjects: 1.489100 ms CreateObjectMapping: 1.495400 ms MarkObjects: 11.893400 ms  DeleteObjects: 7.441100 ms)

Prepare: number of updated asset objects reloaded= 0
========================================================================
Received Import Request.
  Time since last request: 858.266936 seconds.
  path: Packages/com.unity.xr.interaction.toolkit/Runtime/Locomotion/Jump/JumpProvider.cs
  artifactKey: Guid(e3cd49dc1a38aff4fa00676ddd64cf4e) Importer(815301076,1909f56bfc062723c751e8b465ee728b)
Start importing Packages/com.unity.xr.interaction.toolkit/Runtime/Locomotion/Jump/JumpProvider.cs using Guid(e3cd49dc1a38aff4fa00676ddd64cf4e) Importer(815301076,1909f56bfc062723c751e8b465ee728b) (PreviewImporter) -> (artifact id: 'b5e254ef4c823a799456e48fb73b3145') in 0.0626429 seconds
Number of updated asset objects reloaded before import = 0Number of asset objects unloaded after import = 0

========================================================================
Received Prepare
Refreshing native plugins compatible for Editor in 23.04 ms, found 12 plugins.
Preloading 1 native plugins for Editor in 0.07 ms.
Unloading 34 Unused Serialized files (Serialized files now loaded: 0)
Unloading 6936 unused Assets / (6.8 MB). Loaded Objects now: 7764.
Memory consumption went from 159.5 MB to 152.7 MB.
Total: 19.434300 ms (FindLiveObjects: 1.366900 ms CreateObjectMapping: 1.580900 ms MarkObjects: 10.106000 ms  DeleteObjects: 6.379300 ms)

Prepare: number of updated asset objects reloaded= 0
========================================================================
Received Import Request.
  Time since last request: 42.173272 seconds.
  path: Assets/Scripts/Fire.cs
  artifactKey: Guid(2c92f83db165c7348b16e47601fc17b5) Importer(815301076,1909f56bfc062723c751e8b465ee728b)
Start importing Assets/Scripts/Fire.cs using Guid(2c92f83db165c7348b16e47601fc17b5) Importer(815301076,1909f56bfc062723c751e8b465ee728b) (PreviewImporter) -> (artifact id: 'b378f155a8aa3041dabae4abdb41a626') in 0.0041269 seconds
Number of updated asset objects reloaded before import = 0Number of asset objects unloaded after import = 0

========================================================================
Received Prepare
Begin MonoManager ReloadAssembly
- Loaded All Assemblies, in  1.024 seconds
Refreshing native plugins compatible for Editor in 14.18 ms, found 12 plugins.
Native extension for WindowsStandalone target not found
[Package Manager] Failed to launch server process. Reason: Unity was launched with the -noUpm command-line argument
[Package Manager] Unable to send message (not connected to server process).
[Package Manager] Cannot connect to Unity Package Manager local server
System.NullReferenceException: Object reference not set to an instance of an object
  at UnityEditor.XR.Interaction.Toolkit.Analytics.XRIAnalytics..cctor () [0x00000] in .\Library\PackageCache\com.unity.xr.interaction.toolkit@42ef3600567b\Editor\Analytics\XRIAnalytics.cs:32 
UnityEngine.Debug:ExtractStackTraceNoAlloc (byte*,int,string)
UnityEngine.StackTraceUtility:ExtractStackTrace ()
UnityEngine.DebugLogHandler:Internal_Log (UnityEngine.LogType,UnityEngine.LogOption,string,UnityEngine.Object)
UnityEngine.DebugLogHandler:LogFormat (UnityEngine.LogType,UnityEngine.Object,string,object[])
UnityEngine.Logger:Log (UnityEngine.LogType,object)
UnityEngine.Debug:LogError (object)
UnityEditor.EditorAssemblies:ProcessInitializeOnLoadAttributes (System.Type[])

System.Reflection.TargetInvocationException: Exception has been thrown by the target of an invocation. ---> System.NullReferenceException: Object reference not set to an instance of an object
  at Unity.XR.Oculus.OculusLoader.AssetPathToAbsolutePath (System.String assetPath) [0x0003d] in .\Library\PackageCache\com.unity.xr.oculus@f23ad2c521e1\Runtime\OculusLoader.cs:312 
  at Unity.XR.Oculus.OculusLoader.EditorLoadOVRPlugin () [0x0008c] in .\Library\PackageCache\com.unity.xr.oculus@f23ad2c521e1\Runtime\OculusLoader.cs:297 
  at (wrapper managed-to-native) System.Reflection.RuntimeMethodInfo.InternalInvoke(System.Reflection.RuntimeMethodInfo,object,object[],System.Exception&)
  at System.Reflection.RuntimeMethodInfo.Invoke (System.Object obj, System.Reflection.BindingFlags invokeAttr, System.Reflection.Binder binder, System.Object[] parameters, System.Globalization.CultureInfo culture) [0x0006a] in <13c0c460649d4ce49f991e2c222fa635>:0 
   --- End of inner exception stack trace ---
  at System.Reflection.RuntimeMethodInfo.Invoke (System.Object obj, System.Reflection.BindingFlags invokeAttr, System.Reflection.Binder binder, System.Object[] parameters, System.Globalization.CultureInfo culture) [0x00083] in <13c0c460649d4ce49f991e2c222fa635>:0 
  at System.Reflection.MethodBase.Invoke (System.Object obj, System.Object[] parameters) [0x00000] in <13c0c460649d4ce49f991e2c222fa635>:0 
  at UnityEditor.EditorAssemblies.ProcessInitializeOnLoadMethodAttributes () [0x00056] in <95707308f6f3498991e9df8902fe97ba>:0 
UnityEngine.Debug:ExtractStackTraceNoAlloc (byte*,int,string)
UnityEngine.StackTraceUtility:ExtractStackTrace ()
UnityEngine.DebugLogHandler:Internal_Log (UnityEngine.LogType,UnityEngine.LogOption,string,UnityEngine.Object)
UnityEngine.DebugLogHandler:LogFormat (UnityEngine.LogType,UnityEngine.Object,string,object[])
UnityEngine.Logger:Log (UnityEngine.LogType,object)
UnityEngine.Debug:LogError (object)
UnityEditor.EditorAssemblies:ProcessInitializeOnLoadMethodAttributes ()

Mono: successfully reloaded assembly
[Package Manager] Failed to launch server process. Reason: Unity was launched with the -noUpm command-line argument
[Package Manager] Unable to send message (not connected to server process).
[Package Manager] Cannot connect to Unity Package Manager local server
- Finished resetting the current domain, in  1.307 seconds
Domain Reload Profiling: 2332ms
	BeginReloadAssembly (300ms)
		ExecutionOrderSort (0ms)
		DisableScriptedObjects (7ms)
		BackupInstance (0ms)
		ReleaseScriptingObjects (0ms)
		CreateAndSetChildDomain (68ms)
	RebuildCommonClasses (45ms)
	RebuildNativeTypeToScriptingClass (16ms)
	initialDomainReloadingComplete (34ms)
	LoadAllAssembliesAndSetupDomain (630ms)
		LoadAssemblies (519ms)
		RebuildTransferFunctionScriptingTraits (0ms)
		AnalyzeDomain (283ms)
			TypeCache.Refresh (29ms)
				TypeCache.ScanAssembly (16ms)
			BuildScriptInfoCaches (228ms)
			ResolveRequiredComponents (22ms)
	FinalizeReload (1308ms)
		ReleaseScriptCaches (0ms)
		RebuildScriptCaches (0ms)
		SetupLoadedEditorAssemblies (1030ms)
			LogAssemblyErrors (0ms)
			InitializePlatformSupportModulesInManaged (2ms)
			SetLoadedEditorAssemblies (4ms)
			BeforeProcessingInitializeOnLoad (149ms)
			ProcessInitializeOnLoadAttributes (712ms)
			ProcessInitializeOnLoadMethodAttributes (158ms)
			AfterProcessingInitializeOnLoad (4ms)
			EditorAssembliesLoaded (0ms)
		ExecutionOrderSort2 (0ms)
		AwakeInstancesAfterBackupRestoration (18ms)
Refreshing native plugins compatible for Editor in 20.68 ms, found 12 plugins.
Preloading 1 native plugins for Editor in 0.07 ms.
Unloading 47 Unused Serialized files (Serialized files now loaded: 0)
Unloading 6990 unused Assets / (8.0 MB). Loaded Objects now: 7783.
Memory consumption went from 212.7 MB to 204.8 MB.
Total: 21.116800 ms (FindLiveObjects: 1.554000 ms CreateObjectMapping: 1.705100 ms MarkObjects: 10.546500 ms  DeleteObjects: 7.310000 ms)

Prepare: number of updated asset objects reloaded= 0
========================================================================
Received Prepare
Begin MonoManager ReloadAssembly
- Loaded All Assemblies, in  0.974 seconds
Refreshing native plugins compatible for Editor in 13.34 ms, found 12 plugins.
Native extension for WindowsStandalone target not found
[Package Manager] Failed to launch server process. Reason: Unity was launched with the -noUpm command-line argument
[Package Manager] Unable to send message (not connected to server process).
[Package Manager] Cannot connect to Unity Package Manager local server
System.NullReferenceException: Object reference not set to an instance of an object
  at UnityEditor.XR.Interaction.Toolkit.Analytics.XRIAnalytics..cctor () [0x00000] in .\Library\PackageCache\com.unity.xr.interaction.toolkit@42ef3600567b\Editor\Analytics\XRIAnalytics.cs:32 
UnityEngine.Debug:ExtractStackTraceNoAlloc (byte*,int,string)
UnityEngine.StackTraceUtility:ExtractStackTrace ()
UnityEngine.DebugLogHandler:Internal_Log (UnityEngine.LogType,UnityEngine.LogOption,string,UnityEngine.Object)
UnityEngine.DebugLogHandler:LogFormat (UnityEngine.LogType,UnityEngine.Object,string,object[])
UnityEngine.Logger:Log (UnityEngine.LogType,object)
UnityEngine.Debug:LogError (object)
UnityEditor.EditorAssemblies:ProcessInitializeOnLoadAttributes (System.Type[])

System.Reflection.TargetInvocationException: Exception has been thrown by the target of an invocation. ---> System.NullReferenceException: Object reference not set to an instance of an object
  at Unity.XR.Oculus.OculusLoader.AssetPathToAbsolutePath (System.String assetPath) [0x0003d] in .\Library\PackageCache\com.unity.xr.oculus@f23ad2c521e1\Runtime\OculusLoader.cs:312 
  at Unity.XR.Oculus.OculusLoader.EditorLoadOVRPlugin () [0x0008c] in .\Library\PackageCache\com.unity.xr.oculus@f23ad2c521e1\Runtime\OculusLoader.cs:297 
  at (wrapper managed-to-native) System.Reflection.RuntimeMethodInfo.InternalInvoke(System.Reflection.RuntimeMethodInfo,object,object[],System.Exception&)
  at System.Reflection.RuntimeMethodInfo.Invoke (System.Object obj, System.Reflection.BindingFlags invokeAttr, System.Reflection.Binder binder, System.Object[] parameters, System.Globalization.CultureInfo culture) [0x0006a] in <13c0c460649d4ce49f991e2c222fa635>:0 
   --- End of inner exception stack trace ---
  at System.Reflection.RuntimeMethodInfo.Invoke (System.Object obj, System.Reflection.BindingFlags invokeAttr, System.Reflection.Binder binder, System.Object[] parameters, System.Globalization.CultureInfo culture) [0x00083] in <13c0c460649d4ce49f991e2c222fa635>:0 
  at System.Reflection.MethodBase.Invoke (System.Object obj, System.Object[] parameters) [0x00000] in <13c0c460649d4ce49f991e2c222fa635>:0 
  at UnityEditor.EditorAssemblies.ProcessInitializeOnLoadMethodAttributes () [0x00056] in <95707308f6f3498991e9df8902fe97ba>:0 
UnityEngine.Debug:ExtractStackTraceNoAlloc (byte*,int,string)
UnityEngine.StackTraceUtility:ExtractStackTrace ()
UnityEngine.DebugLogHandler:Internal_Log (UnityEngine.LogType,UnityEngine.LogOption,string,UnityEngine.Object)
UnityEngine.DebugLogHandler:LogFormat (UnityEngine.LogType,UnityEngine.Object,string,object[])
UnityEngine.Logger:Log (UnityEngine.LogType,object)
UnityEngine.Debug:LogError (object)
UnityEditor.EditorAssemblies:ProcessInitializeOnLoadMethodAttributes ()

Mono: successfully reloaded assembly
[Package Manager] Failed to launch server process. Reason: Unity was launched with the -noUpm command-line argument
[Package Manager] Unable to send message (not connected to server process).
[Package Manager] Cannot connect to Unity Package Manager local server
- Finished resetting the current domain, in  1.224 seconds
Domain Reload Profiling: 2199ms
	BeginReloadAssembly (287ms)
		ExecutionOrderSort (0ms)
		DisableScriptedObjects (10ms)
		BackupInstance (0ms)
		ReleaseScriptingObjects (0ms)
		CreateAndSetChildDomain (65ms)
	RebuildCommonClasses (48ms)
	RebuildNativeTypeToScriptingClass (22ms)
	initialDomainReloadingComplete (31ms)
	LoadAllAssembliesAndSetupDomain (586ms)
		LoadAssemblies (485ms)
		RebuildTransferFunctionScriptingTraits (0ms)
		AnalyzeDomain (264ms)
			TypeCache.Refresh (9ms)
				TypeCache.ScanAssembly (0ms)
			BuildScriptInfoCaches (229ms)
			ResolveRequiredComponents (22ms)
	FinalizeReload (1225ms)
		ReleaseScriptCaches (0ms)
		RebuildScriptCaches (0ms)
		SetupLoadedEditorAssemblies (977ms)
			LogAssemblyErrors (0ms)
			InitializePlatformSupportModulesInManaged (2ms)
			SetLoadedEditorAssemblies (4ms)
			BeforeProcessingInitializeOnLoad (158ms)
			ProcessInitializeOnLoadAttributes (681ms)
			ProcessInitializeOnLoadMethodAttributes (128ms)
			AfterProcessingInitializeOnLoad (3ms)
			EditorAssembliesLoaded (0ms)
		ExecutionOrderSort2 (0ms)
		AwakeInstancesAfterBackupRestoration (13ms)
Refreshing native plugins compatible for Editor in 18.74 ms, found 12 plugins.
Preloading 1 native plugins for Editor in 0.06 ms.
Unloading 47 Unused Serialized files (Serialized files now loaded: 0)
Unloading 6990 unused Assets / (7.6 MB). Loaded Objects now: 7786.
Memory consumption went from 236.0 MB to 228.5 MB.
Total: 18.018200 ms (FindLiveObjects: 1.441400 ms CreateObjectMapping: 1.581700 ms MarkObjects: 8.903800 ms  DeleteObjects: 6.090200 ms)

Prepare: number of updated asset objects reloaded= 0
========================================================================
Received Prepare
Refreshing native plugins compatible for Editor in 61.58 ms, found 12 plugins.
Preloading 1 native plugins for Editor in 0.07 ms.
Unloading 34 Unused Serialized files (Serialized files now loaded: 0)
Unloading 6936 unused Assets / (6.6 MB). Loaded Objects now: 7770.
Memory consumption went from 183.4 MB to 176.8 MB.
Total: 19.933600 ms (FindLiveObjects: 1.459000 ms CreateObjectMapping: 1.443300 ms MarkObjects: 11.265500 ms  DeleteObjects: 5.764200 ms)

Prepare: number of updated asset objects reloaded= 0
========================================================================
Received Prepare
Begin MonoManager ReloadAssembly
- Loaded All Assemblies, in  0.970 seconds
Refreshing native plugins compatible for Editor in 13.40 ms, found 12 plugins.
Native extension for WindowsStandalone target not found
[Package Manager] Failed to launch server process. Reason: Unity was launched with the -noUpm command-line argument
[Package Manager] Unable to send message (not connected to server process).
[Package Manager] Cannot connect to Unity Package Manager local server
System.NullReferenceException: Object reference not set to an instance of an object
  at UnityEditor.XR.Interaction.Toolkit.Analytics.XRIAnalytics..cctor () [0x00000] in .\Library\PackageCache\com.unity.xr.interaction.toolkit@42ef3600567b\Editor\Analytics\XRIAnalytics.cs:32 
UnityEngine.Debug:ExtractStackTraceNoAlloc (byte*,int,string)
UnityEngine.StackTraceUtility:ExtractStackTrace ()
UnityEngine.DebugLogHandler:Internal_Log (UnityEngine.LogType,UnityEngine.LogOption,string,UnityEngine.Object)
UnityEngine.DebugLogHandler:LogFormat (UnityEngine.LogType,UnityEngine.Object,string,object[])
UnityEngine.Logger:Log (UnityEngine.LogType,object)
UnityEngine.Debug:LogError (object)
UnityEditor.EditorAssemblies:ProcessInitializeOnLoadAttributes (System.Type[])

System.Reflection.TargetInvocationException: Exception has been thrown by the target of an invocation. ---> System.NullReferenceException: Object reference not set to an instance of an object
  at Unity.XR.Oculus.OculusLoader.AssetPathToAbsolutePath (System.String assetPath) [0x0003d] in .\Library\PackageCache\com.unity.xr.oculus@f23ad2c521e1\Runtime\OculusLoader.cs:312 
  at Unity.XR.Oculus.OculusLoader.EditorLoadOVRPlugin () [0x0008c] in .\Library\PackageCache\com.unity.xr.oculus@f23ad2c521e1\Runtime\OculusLoader.cs:297 
  at (wrapper managed-to-native) System.Reflection.RuntimeMethodInfo.InternalInvoke(System.Reflection.RuntimeMethodInfo,object,object[],System.Exception&)
  at System.Reflection.RuntimeMethodInfo.Invoke (System.Object obj, System.Reflection.BindingFlags invokeAttr, System.Reflection.Binder binder, System.Object[] parameters, System.Globalization.CultureInfo culture) [0x0006a] in <13c0c460649d4ce49f991e2c222fa635>:0 
   --- End of inner exception stack trace ---
  at System.Reflection.RuntimeMethodInfo.Invoke (System.Object obj, System.Reflection.BindingFlags invokeAttr, System.Reflection.Binder binder, System.Object[] parameters, System.Globalization.CultureInfo culture) [0x00083] in <13c0c460649d4ce49f991e2c222fa635>:0 
  at System.Reflection.MethodBase.Invoke (System.Object obj, System.Object[] parameters) [0x00000] in <13c0c460649d4ce49f991e2c222fa635>:0 
  at UnityEditor.EditorAssemblies.ProcessInitializeOnLoadMethodAttributes () [0x00056] in <95707308f6f3498991e9df8902fe97ba>:0 
UnityEngine.Debug:ExtractStackTraceNoAlloc (byte*,int,string)
UnityEngine.StackTraceUtility:ExtractStackTrace ()
UnityEngine.DebugLogHandler:Internal_Log (UnityEngine.LogType,UnityEngine.LogOption,string,UnityEngine.Object)
UnityEngine.DebugLogHandler:LogFormat (UnityEngine.LogType,UnityEngine.Object,string,object[])
UnityEngine.Logger:Log (UnityEngine.LogType,object)
UnityEngine.Debug:LogError (object)
UnityEditor.EditorAssemblies:ProcessInitializeOnLoadMethodAttributes ()

Mono: successfully reloaded assembly
[Package Manager] Failed to launch server process. Reason: Unity was launched with the -noUpm command-line argument
[Package Manager] Unable to send message (not connected to server process).
[Package Manager] Cannot connect to Unity Package Manager local server
- Finished resetting the current domain, in  1.263 seconds
Domain Reload Profiling: 2234ms
	BeginReloadAssembly (285ms)
		ExecutionOrderSort (0ms)
		DisableScriptedObjects (8ms)
		BackupInstance (0ms)
		ReleaseScriptingObjects (0ms)
		CreateAndSetChildDomain (54ms)
	RebuildCommonClasses (46ms)
	RebuildNativeTypeToScriptingClass (16ms)
	initialDomainReloadingComplete (42ms)
	LoadAllAssembliesAndSetupDomain (581ms)
		LoadAssemblies (493ms)
		RebuildTransferFunctionScriptingTraits (0ms)
		AnalyzeDomain (266ms)
			TypeCache.Refresh (25ms)
				TypeCache.ScanAssembly (13ms)
			BuildScriptInfoCaches (216ms)
			ResolveRequiredComponents (21ms)
	FinalizeReload (1264ms)
		ReleaseScriptCaches (0ms)
		RebuildScriptCaches (0ms)
		SetupLoadedEditorAssemblies (1013ms)
			LogAssemblyErrors (0ms)
			InitializePlatformSupportModulesInManaged (2ms)
			SetLoadedEditorAssemblies (4ms)
			BeforeProcessingInitializeOnLoad (161ms)
			ProcessInitializeOnLoadAttributes (703ms)
			ProcessInitializeOnLoadMethodAttributes (139ms)
			AfterProcessingInitializeOnLoad (3ms)
			EditorAssembliesLoaded (0ms)
		ExecutionOrderSort2 (0ms)
		AwakeInstancesAfterBackupRestoration (15ms)
Refreshing native plugins compatible for Editor in 19.23 ms, found 12 plugins.
Preloading 1 native plugins for Editor in 0.09 ms.
Unloading 47 Unused Serialized files (Serialized files now loaded: 0)
Unloading 6990 unused Assets / (8.1 MB). Loaded Objects now: 7789.
Memory consumption went from 212.8 MB to 204.7 MB.
Total: 20.023700 ms (FindLiveObjects: 1.284800 ms CreateObjectMapping: 1.585100 ms MarkObjects: 10.202200 ms  DeleteObjects: 6.950200 ms)

Prepare: number of updated asset objects reloaded= 0
========================================================================
Received Prepare
Begin MonoManager ReloadAssembly
- Loaded All Assemblies, in  0.971 seconds
Refreshing native plugins compatible for Editor in 12.86 ms, found 12 plugins.
Native extension for WindowsStandalone target not found
[Package Manager] Failed to launch server process. Reason: Unity was launched with the -noUpm command-line argument
[Package Manager] Unable to send message (not connected to server process).
[Package Manager] Cannot connect to Unity Package Manager local server
System.NullReferenceException: Object reference not set to an instance of an object
  at UnityEditor.XR.Interaction.Toolkit.Analytics.XRIAnalytics..cctor () [0x00000] in .\Library\PackageCache\com.unity.xr.interaction.toolkit@42ef3600567b\Editor\Analytics\XRIAnalytics.cs:32 
UnityEngine.Debug:ExtractStackTraceNoAlloc (byte*,int,string)
UnityEngine.StackTraceUtility:ExtractStackTrace ()
UnityEngine.DebugLogHandler:Internal_Log (UnityEngine.LogType,UnityEngine.LogOption,string,UnityEngine.Object)
UnityEngine.DebugLogHandler:LogFormat (UnityEngine.LogType,UnityEngine.Object,string,object[])
UnityEngine.Logger:Log (UnityEngine.LogType,object)
UnityEngine.Debug:LogError (object)
UnityEditor.EditorAssemblies:ProcessInitializeOnLoadAttributes (System.Type[])

System.Reflection.TargetInvocationException: Exception has been thrown by the target of an invocation. ---> System.NullReferenceException: Object reference not set to an instance of an object
  at Unity.XR.Oculus.OculusLoader.AssetPathToAbsolutePath (System.String assetPath) [0x0003d] in .\Library\PackageCache\com.unity.xr.oculus@f23ad2c521e1\Runtime\OculusLoader.cs:312 
  at Unity.XR.Oculus.OculusLoader.EditorLoadOVRPlugin () [0x0008c] in .\Library\PackageCache\com.unity.xr.oculus@f23ad2c521e1\Runtime\OculusLoader.cs:297 
  at (wrapper managed-to-native) System.Reflection.RuntimeMethodInfo.InternalInvoke(System.Reflection.RuntimeMethodInfo,object,object[],System.Exception&)
  at System.Reflection.RuntimeMethodInfo.Invoke (System.Object obj, System.Reflection.BindingFlags invokeAttr, System.Reflection.Binder binder, System.Object[] parameters, System.Globalization.CultureInfo culture) [0x0006a] in <13c0c460649d4ce49f991e2c222fa635>:0 
   --- End of inner exception stack trace ---
  at System.Reflection.RuntimeMethodInfo.Invoke (System.Object obj, System.Reflection.BindingFlags invokeAttr, System.Reflection.Binder binder, System.Object[] parameters, System.Globalization.CultureInfo culture) [0x00083] in <13c0c460649d4ce49f991e2c222fa635>:0 
  at System.Reflection.MethodBase.Invoke (System.Object obj, System.Object[] parameters) [0x00000] in <13c0c460649d4ce49f991e2c222fa635>:0 
  at UnityEditor.EditorAssemblies.ProcessInitializeOnLoadMethodAttributes () [0x00056] in <95707308f6f3498991e9df8902fe97ba>:0 
UnityEngine.Debug:ExtractStackTraceNoAlloc (byte*,int,string)
UnityEngine.StackTraceUtility:ExtractStackTrace ()
UnityEngine.DebugLogHandler:Internal_Log (UnityEngine.LogType,UnityEngine.LogOption,string,UnityEngine.Object)
UnityEngine.DebugLogHandler:LogFormat (UnityEngine.LogType,UnityEngine.Object,string,object[])
UnityEngine.Logger:Log (UnityEngine.LogType,object)
UnityEngine.Debug:LogError (object)
UnityEditor.EditorAssemblies:ProcessInitializeOnLoadMethodAttributes ()

Mono: successfully reloaded assembly
[Package Manager] Failed to launch server process. Reason: Unity was launched with the -noUpm command-line argument
[Package Manager] Unable to send message (not connected to server process).
[Package Manager] Cannot connect to Unity Package Manager local server
- Finished resetting the current domain, in  1.300 seconds
Domain Reload Profiling: 2272ms
	BeginReloadAssembly (286ms)
		ExecutionOrderSort (0ms)
		DisableScriptedObjects (10ms)
		BackupInstance (0ms)
		ReleaseScriptingObjects (0ms)
		CreateAndSetChildDomain (56ms)
	RebuildCommonClasses (53ms)
	RebuildNativeTypeToScriptingClass (18ms)
	initialDomainReloadingComplete (35ms)
	LoadAllAssembliesAndSetupDomain (579ms)
		LoadAssemblies (470ms)
		RebuildTransferFunctionScriptingTraits (0ms)
		AnalyzeDomain (271ms)
			TypeCache.Refresh (25ms)
				TypeCache.ScanAssembly (13ms)
			BuildScriptInfoCaches (227ms)
			ResolveRequiredComponents (16ms)
	FinalizeReload (1301ms)
		ReleaseScriptCaches (0ms)
		RebuildScriptCaches (0ms)
		SetupLoadedEditorAssemblies (1021ms)
			LogAssemblyErrors (0ms)
			InitializePlatformSupportModulesInManaged (3ms)
			SetLoadedEditorAssemblies (5ms)
			BeforeProcessingInitializeOnLoad (146ms)
			ProcessInitializeOnLoadAttributes (735ms)
			ProcessInitializeOnLoadMethodAttributes (127ms)
			AfterProcessingInitializeOnLoad (5ms)
			EditorAssembliesLoaded (0ms)
		ExecutionOrderSort2 (0ms)
		AwakeInstancesAfterBackupRestoration (13ms)
Refreshing native plugins compatible for Editor in 19.03 ms, found 12 plugins.
Preloading 1 native plugins for Editor in 0.08 ms.
Unloading 47 Unused Serialized files (Serialized files now loaded: 0)
Unloading 6990 unused Assets / (7.9 MB). Loaded Objects now: 7792.
Memory consumption went from 212.8 MB to 204.9 MB.
Total: 16.981300 ms (FindLiveObjects: 1.344700 ms CreateObjectMapping: 0.944000 ms MarkObjects: 8.247000 ms  DeleteObjects: 6.444300 ms)

Prepare: number of updated asset objects reloaded= 0
========================================================================
Received Prepare
Refreshing native plugins compatible for Editor in 18.51 ms, found 12 plugins.
Preloading 1 native plugins for Editor in 0.07 ms.
Unloading 34 Unused Serialized files (Serialized files now loaded: 0)
Unloading 6936 unused Assets / (6.7 MB). Loaded Objects now: 7776.
Memory consumption went from 160.2 MB to 153.5 MB.
Total: 18.792100 ms (FindLiveObjects: 1.692000 ms CreateObjectMapping: 1.542600 ms MarkObjects: 9.769300 ms  DeleteObjects: 5.786900 ms)

Prepare: number of updated asset objects reloaded= 0
========================================================================
Received Prepare
Refreshing native plugins compatible for Editor in 22.48 ms, found 12 plugins.
Preloading 1 native plugins for Editor in 0.07 ms.
Unloading 34 Unused Serialized files (Serialized files now loaded: 0)
Unloading 6936 unused Assets / (6.8 MB). Loaded Objects now: 7776.
Memory consumption went from 159.5 MB to 152.8 MB.
Total: 19.605300 ms (FindLiveObjects: 2.149300 ms CreateObjectMapping: 1.658900 ms MarkObjects: 9.967500 ms  DeleteObjects: 5.827900 ms)

Prepare: number of updated asset objects reloaded= 0
========================================================================
Received Prepare
Refreshing native plugins compatible for Editor in 20.41 ms, found 12 plugins.
Preloading 1 native plugins for Editor in 0.07 ms.
Unloading 34 Unused Serialized files (Serialized files now loaded: 0)
Unloading 6936 unused Assets / (6.5 MB). Loaded Objects now: 7776.
Memory consumption went from 159.6 MB to 153.1 MB.
Total: 17.823100 ms (FindLiveObjects: 1.563300 ms CreateObjectMapping: 1.393700 ms MarkObjects: 9.403700 ms  DeleteObjects: 5.461200 ms)

Prepare: number of updated asset objects reloaded= 0
========================================================================
Received Prepare
Refreshing native plugins compatible for Editor in 19.56 ms, found 12 plugins.
Preloading 1 native plugins for Editor in 0.07 ms.
Unloading 34 Unused Serialized files (Serialized files now loaded: 0)
Unloading 6936 unused Assets / (6.7 MB). Loaded Objects now: 7776.
Memory consumption went from 159.6 MB to 152.9 MB.
Total: 19.126800 ms (FindLiveObjects: 1.411100 ms CreateObjectMapping: 1.698800 ms MarkObjects: 9.488600 ms  DeleteObjects: 6.527000 ms)

Prepare: number of updated asset objects reloaded= 0
========================================================================
Received Prepare
Begin MonoManager ReloadAssembly
- Loaded All Assemblies, in  0.986 seconds
Refreshing native plugins compatible for Editor in 15.32 ms, found 12 plugins.
Native extension for WindowsStandalone target not found
[Package Manager] Failed to launch server process. Reason: Unity was launched with the -noUpm command-line argument
[Package Manager] Unable to send message (not connected to server process).
[Package Manager] Cannot connect to Unity Package Manager local server
System.NullReferenceException: Object reference not set to an instance of an object
  at UnityEditor.XR.Interaction.Toolkit.Analytics.XRIAnalytics..cctor () [0x00000] in .\Library\PackageCache\com.unity.xr.interaction.toolkit@42ef3600567b\Editor\Analytics\XRIAnalytics.cs:32 
UnityEngine.Debug:ExtractStackTraceNoAlloc (byte*,int,string)
UnityEngine.StackTraceUtility:ExtractStackTrace ()
UnityEngine.DebugLogHandler:Internal_Log (UnityEngine.LogType,UnityEngine.LogOption,string,UnityEngine.Object)
UnityEngine.DebugLogHandler:LogFormat (UnityEngine.LogType,UnityEngine.Object,string,object[])
UnityEngine.Logger:Log (UnityEngine.LogType,object)
UnityEngine.Debug:LogError (object)
UnityEditor.EditorAssemblies:ProcessInitializeOnLoadAttributes (System.Type[])

System.Reflection.TargetInvocationException: Exception has been thrown by the target of an invocation. ---> System.NullReferenceException: Object reference not set to an instance of an object
  at Unity.XR.Oculus.OculusLoader.AssetPathToAbsolutePath (System.String assetPath) [0x0003d] in .\Library\PackageCache\com.unity.xr.oculus@f23ad2c521e1\Runtime\OculusLoader.cs:312 
  at Unity.XR.Oculus.OculusLoader.EditorLoadOVRPlugin () [0x0008c] in .\Library\PackageCache\com.unity.xr.oculus@f23ad2c521e1\Runtime\OculusLoader.cs:297 
  at (wrapper managed-to-native) System.Reflection.RuntimeMethodInfo.InternalInvoke(System.Reflection.RuntimeMethodInfo,object,object[],System.Exception&)
  at System.Reflection.RuntimeMethodInfo.Invoke (System.Object obj, System.Reflection.BindingFlags invokeAttr, System.Reflection.Binder binder, System.Object[] parameters, System.Globalization.CultureInfo culture) [0x0006a] in <13c0c460649d4ce49f991e2c222fa635>:0 
   --- End of inner exception stack trace ---
  at System.Reflection.RuntimeMethodInfo.Invoke (System.Object obj, System.Reflection.BindingFlags invokeAttr, System.Reflection.Binder binder, System.Object[] parameters, System.Globalization.CultureInfo culture) [0x00083] in <13c0c460649d4ce49f991e2c222fa635>:0 
  at System.Reflection.MethodBase.Invoke (System.Object obj, System.Object[] parameters) [0x00000] in <13c0c460649d4ce49f991e2c222fa635>:0 
  at UnityEditor.EditorAssemblies.ProcessInitializeOnLoadMethodAttributes () [0x00056] in <95707308f6f3498991e9df8902fe97ba>:0 
UnityEngine.Debug:ExtractStackTraceNoAlloc (byte*,int,string)
UnityEngine.StackTraceUtility:ExtractStackTrace ()
UnityEngine.DebugLogHandler:Internal_Log (UnityEngine.LogType,UnityEngine.LogOption,string,UnityEngine.Object)
UnityEngine.DebugLogHandler:LogFormat (UnityEngine.LogType,UnityEngine.Object,string,object[])
UnityEngine.Logger:Log (UnityEngine.LogType,object)
UnityEngine.Debug:LogError (object)
UnityEditor.EditorAssemblies:ProcessInitializeOnLoadMethodAttributes ()

Mono: successfully reloaded assembly
[Package Manager] Failed to launch server process. Reason: Unity was launched with the -noUpm command-line argument
[Package Manager] Unable to send message (not connected to server process).
[Package Manager] Cannot connect to Unity Package Manager local server
- Finished resetting the current domain, in  1.310 seconds
Domain Reload Profiling: 2298ms
	BeginReloadAssembly (286ms)
		ExecutionOrderSort (0ms)
		DisableScriptedObjects (9ms)
		BackupInstance (0ms)
		ReleaseScriptingObjects (0ms)
		CreateAndSetChildDomain (62ms)
	RebuildCommonClasses (56ms)
	RebuildNativeTypeToScriptingClass (15ms)
	initialDomainReloadingComplete (30ms)
	LoadAllAssembliesAndSetupDomain (599ms)
		LoadAssemblies (477ms)
		RebuildTransferFunctionScriptingTraits (0ms)
		AnalyzeDomain (291ms)
			TypeCache.Refresh (15ms)
				TypeCache.ScanAssembly (1ms)
			BuildScriptInfoCaches (250ms)
			ResolveRequiredComponents (21ms)
	FinalizeReload (1311ms)
		ReleaseScriptCaches (0ms)
		RebuildScriptCaches (0ms)
		SetupLoadedEditorAssemblies (1033ms)
			LogAssemblyErrors (0ms)
			InitializePlatformSupportModulesInManaged (2ms)
			SetLoadedEditorAssemblies (4ms)
			BeforeProcessingInitializeOnLoad (152ms)
			ProcessInitializeOnLoadAttributes (713ms)
			ProcessInitializeOnLoadMethodAttributes (157ms)
			AfterProcessingInitializeOnLoad (5ms)
			EditorAssembliesLoaded (0ms)
		ExecutionOrderSort2 (0ms)
		AwakeInstancesAfterBackupRestoration (16ms)
Refreshing native plugins compatible for Editor in 19.83 ms, found 12 plugins.
Preloading 1 native plugins for Editor in 0.07 ms.
Unloading 47 Unused Serialized files (Serialized files now loaded: 0)
Unloading 6990 unused Assets / (7.6 MB). Loaded Objects now: 7795.
Memory consumption went from 212.8 MB to 205.2 MB.
Total: 19.402500 ms (FindLiveObjects: 1.337200 ms CreateObjectMapping: 1.469700 ms MarkObjects: 10.056300 ms  DeleteObjects: 6.537600 ms)

Prepare: number of updated asset objects reloaded= 0
========================================================================
Received Prepare
Begin MonoManager ReloadAssembly
- Loaded All Assemblies, in  0.956 seconds
Refreshing native plugins compatible for Editor in 17.27 ms, found 12 plugins.
Native extension for WindowsStandalone target not found
[Package Manager] Failed to launch server process. Reason: Unity was launched with the -noUpm command-line argument
[Package Manager] Unable to send message (not connected to server process).
[Package Manager] Cannot connect to Unity Package Manager local server
System.NullReferenceException: Object reference not set to an instance of an object
  at UnityEditor.XR.Interaction.Toolkit.Analytics.XRIAnalytics..cctor () [0x00000] in .\Library\PackageCache\com.unity.xr.interaction.toolkit@42ef3600567b\Editor\Analytics\XRIAnalytics.cs:32 
UnityEngine.Debug:ExtractStackTraceNoAlloc (byte*,int,string)
UnityEngine.StackTraceUtility:ExtractStackTrace ()
UnityEngine.DebugLogHandler:Internal_Log (UnityEngine.LogType,UnityEngine.LogOption,string,UnityEngine.Object)
UnityEngine.DebugLogHandler:LogFormat (UnityEngine.LogType,UnityEngine.Object,string,object[])
UnityEngine.Logger:Log (UnityEngine.LogType,object)
UnityEngine.Debug:LogError (object)
UnityEditor.EditorAssemblies:ProcessInitializeOnLoadAttributes (System.Type[])

System.Reflection.TargetInvocationException: Exception has been thrown by the target of an invocation. ---> System.NullReferenceException: Object reference not set to an instance of an object
  at Unity.XR.Oculus.OculusLoader.AssetPathToAbsolutePath (System.String assetPath) [0x0003d] in .\Library\PackageCache\com.unity.xr.oculus@f23ad2c521e1\Runtime\OculusLoader.cs:312 
  at Unity.XR.Oculus.OculusLoader.EditorLoadOVRPlugin () [0x0008c] in .\Library\PackageCache\com.unity.xr.oculus@f23ad2c521e1\Runtime\OculusLoader.cs:297 
  at (wrapper managed-to-native) System.Reflection.RuntimeMethodInfo.InternalInvoke(System.Reflection.RuntimeMethodInfo,object,object[],System.Exception&)
  at System.Reflection.RuntimeMethodInfo.Invoke (System.Object obj, System.Reflection.BindingFlags invokeAttr, System.Reflection.Binder binder, System.Object[] parameters, System.Globalization.CultureInfo culture) [0x0006a] in <13c0c460649d4ce49f991e2c222fa635>:0 
   --- End of inner exception stack trace ---
  at System.Reflection.RuntimeMethodInfo.Invoke (System.Object obj, System.Reflection.BindingFlags invokeAttr, System.Reflection.Binder binder, System.Object[] parameters, System.Globalization.CultureInfo culture) [0x00083] in <13c0c460649d4ce49f991e2c222fa635>:0 
  at System.Reflection.MethodBase.Invoke (System.Object obj, System.Object[] parameters) [0x00000] in <13c0c460649d4ce49f991e2c222fa635>:0 
  at UnityEditor.EditorAssemblies.ProcessInitializeOnLoadMethodAttributes () [0x00056] in <95707308f6f3498991e9df8902fe97ba>:0 
UnityEngine.Debug:ExtractStackTraceNoAlloc (byte*,int,string)
UnityEngine.StackTraceUtility:ExtractStackTrace ()
UnityEngine.DebugLogHandler:Internal_Log (UnityEngine.LogType,UnityEngine.LogOption,string,UnityEngine.Object)
UnityEngine.DebugLogHandler:LogFormat (UnityEngine.LogType,UnityEngine.Object,string,object[])
UnityEngine.Logger:Log (UnityEngine.LogType,object)
UnityEngine.Debug:LogError (object)
UnityEditor.EditorAssemblies:ProcessInitializeOnLoadMethodAttributes ()

Mono: successfully reloaded assembly
[Package Manager] Failed to launch server process. Reason: Unity was launched with the -noUpm command-line argument
[Package Manager] Unable to send message (not connected to server process).
[Package Manager] Cannot connect to Unity Package Manager local server
- Finished resetting the current domain, in  1.332 seconds
Domain Reload Profiling: 2288ms
	BeginReloadAssembly (275ms)
		ExecutionOrderSort (0ms)
		DisableScriptedObjects (8ms)
		BackupInstance (0ms)
		ReleaseScriptingObjects (0ms)
		CreateAndSetChildDomain (58ms)
	RebuildCommonClasses (42ms)
	RebuildNativeTypeToScriptingClass (22ms)
	initialDomainReloadingComplete (37ms)
	LoadAllAssembliesAndSetupDomain (579ms)
		LoadAssemblies (475ms)
		RebuildTransferFunctionScriptingTraits (0ms)
		AnalyzeDomain (261ms)
			TypeCache.Refresh (10ms)
				TypeCache.ScanAssembly (0ms)
			BuildScriptInfoCaches (224ms)
			ResolveRequiredComponents (23ms)
	FinalizeReload (1333ms)
		ReleaseScriptCaches (0ms)
		RebuildScriptCaches (0ms)
		SetupLoadedEditorAssemblies (1055ms)
			LogAssemblyErrors (0ms)
			InitializePlatformSupportModulesInManaged (2ms)
			SetLoadedEditorAssemblies (4ms)
			BeforeProcessingInitializeOnLoad (163ms)
			ProcessInitializeOnLoadAttributes (738ms)
			ProcessInitializeOnLoadMethodAttributes (145ms)
			AfterProcessingInitializeOnLoad (3ms)
			EditorAssembliesLoaded (0ms)
		ExecutionOrderSort2 (0ms)
		AwakeInstancesAfterBackupRestoration (15ms)
Refreshing native plugins compatible for Editor in 19.61 ms, found 12 plugins.
Preloading 1 native plugins for Editor in 0.11 ms.
Unloading 47 Unused Serialized files (Serialized files now loaded: 0)
Unloading 6990 unused Assets / (7.5 MB). Loaded Objects now: 7798.
Memory consumption went from 212.8 MB to 205.3 MB.
Total: 17.753900 ms (FindLiveObjects: 1.534100 ms CreateObjectMapping: 1.585800 ms MarkObjects: 8.761000 ms  DeleteObjects: 5.871500 ms)

Prepare: number of updated asset objects reloaded= 0
========================================================================
Received Prepare
Begin MonoManager ReloadAssembly
- Loaded All Assemblies, in  0.986 seconds
Refreshing native plugins compatible for Editor in 13.38 ms, found 12 plugins.
Native extension for WindowsStandalone target not found
[Package Manager] Failed to launch server process. Reason: Unity was launched with the -noUpm command-line argument
[Package Manager] Unable to send message (not connected to server process).
[Package Manager] Cannot connect to Unity Package Manager local server
System.NullReferenceException: Object reference not set to an instance of an object
  at UnityEditor.XR.Interaction.Toolkit.Analytics.XRIAnalytics..cctor () [0x00000] in .\Library\PackageCache\com.unity.xr.interaction.toolkit@42ef3600567b\Editor\Analytics\XRIAnalytics.cs:32 
UnityEngine.Debug:ExtractStackTraceNoAlloc (byte*,int,string)
UnityEngine.StackTraceUtility:ExtractStackTrace ()
UnityEngine.DebugLogHandler:Internal_Log (UnityEngine.LogType,UnityEngine.LogOption,string,UnityEngine.Object)
UnityEngine.DebugLogHandler:LogFormat (UnityEngine.LogType,UnityEngine.Object,string,object[])
UnityEngine.Logger:Log (UnityEngine.LogType,object)
UnityEngine.Debug:LogError (object)
UnityEditor.EditorAssemblies:ProcessInitializeOnLoadAttributes (System.Type[])

System.Reflection.TargetInvocationException: Exception has been thrown by the target of an invocation. ---> System.NullReferenceException: Object reference not set to an instance of an object
  at Unity.XR.Oculus.OculusLoader.AssetPathToAbsolutePath (System.String assetPath) [0x0003d] in .\Library\PackageCache\com.unity.xr.oculus@f23ad2c521e1\Runtime\OculusLoader.cs:312 
  at Unity.XR.Oculus.OculusLoader.EditorLoadOVRPlugin () [0x0008c] in .\Library\PackageCache\com.unity.xr.oculus@f23ad2c521e1\Runtime\OculusLoader.cs:297 
  at (wrapper managed-to-native) System.Reflection.RuntimeMethodInfo.InternalInvoke(System.Reflection.RuntimeMethodInfo,object,object[],System.Exception&)
  at System.Reflection.RuntimeMethodInfo.Invoke (System.Object obj, System.Reflection.BindingFlags invokeAttr, System.Reflection.Binder binder, System.Object[] parameters, System.Globalization.CultureInfo culture) [0x0006a] in <13c0c460649d4ce49f991e2c222fa635>:0 
   --- End of inner exception stack trace ---
  at System.Reflection.RuntimeMethodInfo.Invoke (System.Object obj, System.Reflection.BindingFlags invokeAttr, System.Reflection.Binder binder, System.Object[] parameters, System.Globalization.CultureInfo culture) [0x00083] in <13c0c460649d4ce49f991e2c222fa635>:0 
  at System.Reflection.MethodBase.Invoke (System.Object obj, System.Object[] parameters) [0x00000] in <13c0c460649d4ce49f991e2c222fa635>:0 
  at UnityEditor.EditorAssemblies.ProcessInitializeOnLoadMethodAttributes () [0x00056] in <95707308f6f3498991e9df8902fe97ba>:0 
UnityEngine.Debug:ExtractStackTraceNoAlloc (byte*,int,string)
UnityEngine.StackTraceUtility:ExtractStackTrace ()
UnityEngine.DebugLogHandler:Internal_Log (UnityEngine.LogType,UnityEngine.LogOption,string,UnityEngine.Object)
UnityEngine.DebugLogHandler:LogFormat (UnityEngine.LogType,UnityEngine.Object,string,object[])
UnityEngine.Logger:Log (UnityEngine.LogType,object)
UnityEngine.Debug:LogError (object)
UnityEditor.EditorAssemblies:ProcessInitializeOnLoadMethodAttributes ()

Mono: successfully reloaded assembly
[Package Manager] Failed to launch server process. Reason: Unity was launched with the -noUpm command-line argument
[Package Manager] Unable to send message (not connected to server process).
[Package Manager] Cannot connect to Unity Package Manager local server
- Finished resetting the current domain, in  1.301 seconds
Domain Reload Profiling: 2288ms
	BeginReloadAssembly (290ms)
		ExecutionOrderSort (0ms)
		DisableScriptedObjects (7ms)
		BackupInstance (0ms)
		ReleaseScriptingObjects (0ms)
		CreateAndSetChildDomain (62ms)
	RebuildCommonClasses (41ms)
	RebuildNativeTypeToScriptingClass (15ms)
	initialDomainReloadingComplete (35ms)
	LoadAllAssembliesAndSetupDomain (605ms)
		LoadAssemblies (504ms)
		RebuildTransferFunctionScriptingTraits (0ms)
		AnalyzeDomain (273ms)
			TypeCache.Refresh (12ms)
				TypeCache.ScanAssembly (1ms)
			BuildScriptInfoCaches (241ms)
			ResolveRequiredComponents (17ms)
	FinalizeReload (1301ms)
		ReleaseScriptCaches (0ms)
		RebuildScriptCaches (0ms)
		SetupLoadedEditorAssemblies (1027ms)
			LogAssemblyErrors (0ms)
			InitializePlatformSupportModulesInManaged (2ms)
			SetLoadedEditorAssemblies (4ms)
			BeforeProcessingInitializeOnLoad (164ms)
			ProcessInitializeOnLoadAttributes (718ms)
			ProcessInitializeOnLoadMethodAttributes (136ms)
			AfterProcessingInitializeOnLoad (3ms)
			EditorAssembliesLoaded (0ms)
		ExecutionOrderSort2 (0ms)
		AwakeInstancesAfterBackupRestoration (15ms)
Refreshing native plugins compatible for Editor in 18.86 ms, found 12 plugins.
Preloading 1 native plugins for Editor in 0.07 ms.
Unloading 47 Unused Serialized files (Serialized files now loaded: 0)
Unloading 6990 unused Assets / (7.4 MB). Loaded Objects now: 7801.
Memory consumption went from 212.8 MB to 205.4 MB.
Total: 16.892300 ms (FindLiveObjects: 1.321800 ms CreateObjectMapping: 1.312000 ms MarkObjects: 8.317300 ms  DeleteObjects: 5.939600 ms)

Prepare: number of updated asset objects reloaded= 0
========================================================================
Received Prepare
Begin MonoManager ReloadAssembly
- Loaded All Assemblies, in  0.982 seconds
Refreshing native plugins compatible for Editor in 15.18 ms, found 12 plugins.
Native extension for WindowsStandalone target not found
[Package Manager] Failed to launch server process. Reason: Unity was launched with the -noUpm command-line argument
[Package Manager] Unable to send message (not connected to server process).
[Package Manager] Cannot connect to Unity Package Manager local server
System.NullReferenceException: Object reference not set to an instance of an object
  at UnityEditor.XR.Interaction.Toolkit.Analytics.XRIAnalytics..cctor () [0x00000] in .\Library\PackageCache\com.unity.xr.interaction.toolkit@42ef3600567b\Editor\Analytics\XRIAnalytics.cs:32 
UnityEngine.Debug:ExtractStackTraceNoAlloc (byte*,int,string)
UnityEngine.StackTraceUtility:ExtractStackTrace ()
UnityEngine.DebugLogHandler:Internal_Log (UnityEngine.LogType,UnityEngine.LogOption,string,UnityEngine.Object)
UnityEngine.DebugLogHandler:LogFormat (UnityEngine.LogType,UnityEngine.Object,string,object[])
UnityEngine.Logger:Log (UnityEngine.LogType,object)
UnityEngine.Debug:LogError (object)
UnityEditor.EditorAssemblies:ProcessInitializeOnLoadAttributes (System.Type[])

System.Reflection.TargetInvocationException: Exception has been thrown by the target of an invocation. ---> System.NullReferenceException: Object reference not set to an instance of an object
  at Unity.XR.Oculus.OculusLoader.AssetPathToAbsolutePath (System.String assetPath) [0x0003d] in .\Library\PackageCache\com.unity.xr.oculus@f23ad2c521e1\Runtime\OculusLoader.cs:312 
  at Unity.XR.Oculus.OculusLoader.EditorLoadOVRPlugin () [0x0008c] in .\Library\PackageCache\com.unity.xr.oculus@f23ad2c521e1\Runtime\OculusLoader.cs:297 
  at (wrapper managed-to-native) System.Reflection.RuntimeMethodInfo.InternalInvoke(System.Reflection.RuntimeMethodInfo,object,object[],System.Exception&)
  at System.Reflection.RuntimeMethodInfo.Invoke (System.Object obj, System.Reflection.BindingFlags invokeAttr, System.Reflection.Binder binder, System.Object[] parameters, System.Globalization.CultureInfo culture) [0x0006a] in <13c0c460649d4ce49f991e2c222fa635>:0 
   --- End of inner exception stack trace ---
  at System.Reflection.RuntimeMethodInfo.Invoke (System.Object obj, System.Reflection.BindingFlags invokeAttr, System.Reflection.Binder binder, System.Object[] parameters, System.Globalization.CultureInfo culture) [0x00083] in <13c0c460649d4ce49f991e2c222fa635>:0 
  at System.Reflection.MethodBase.Invoke (System.Object obj, System.Object[] parameters) [0x00000] in <13c0c460649d4ce49f991e2c222fa635>:0 
  at UnityEditor.EditorAssemblies.ProcessInitializeOnLoadMethodAttributes () [0x00056] in <95707308f6f3498991e9df8902fe97ba>:0 
UnityEngine.Debug:ExtractStackTraceNoAlloc (byte*,int,string)
UnityEngine.StackTraceUtility:ExtractStackTrace ()
UnityEngine.DebugLogHandler:Internal_Log (UnityEngine.LogType,UnityEngine.LogOption,string,UnityEngine.Object)
UnityEngine.DebugLogHandler:LogFormat (UnityEngine.LogType,UnityEngine.Object,string,object[])
UnityEngine.Logger:Log (UnityEngine.LogType,object)
UnityEngine.Debug:LogError (object)
UnityEditor.EditorAssemblies:ProcessInitializeOnLoadMethodAttributes ()

Mono: successfully reloaded assembly
[Package Manager] Failed to launch server process. Reason: Unity was launched with the -noUpm command-line argument
[Package Manager] Unable to send message (not connected to server process).
[Package Manager] Cannot connect to Unity Package Manager local server
- Finished resetting the current domain, in  1.303 seconds
Domain Reload Profiling: 2287ms
	BeginReloadAssembly (296ms)
		ExecutionOrderSort (0ms)
		DisableScriptedObjects (7ms)
		BackupInstance (0ms)
		ReleaseScriptingObjects (0ms)
		CreateAndSetChildDomain (62ms)
	RebuildCommonClasses (46ms)
	RebuildNativeTypeToScriptingClass (17ms)
	initialDomainReloadingComplete (35ms)
	LoadAllAssembliesAndSetupDomain (588ms)
		LoadAssemblies (486ms)
		RebuildTransferFunctionScriptingTraits (0ms)
		AnalyzeDomain (279ms)
			TypeCache.Refresh (9ms)
				TypeCache.ScanAssembly (0ms)
			BuildScriptInfoCaches (248ms)
			ResolveRequiredComponents (18ms)
	FinalizeReload (1303ms)
		ReleaseScriptCaches (0ms)
		RebuildScriptCaches (0ms)
		SetupLoadedEditorAssemblies (1050ms)
			LogAssemblyErrors (0ms)
			InitializePlatformSupportModulesInManaged (2ms)
			SetLoadedEditorAssemblies (4ms)
			BeforeProcessingInitializeOnLoad (149ms)
			ProcessInitializeOnLoadAttributes (736ms)
			ProcessInitializeOnLoadMethodAttributes (154ms)
			AfterProcessingInitializeOnLoad (5ms)
			EditorAssembliesLoaded (0ms)
		ExecutionOrderSort2 (0ms)
		AwakeInstancesAfterBackupRestoration (19ms)
Refreshing native plugins compatible for Editor in 19.38 ms, found 12 plugins.
Preloading 1 native plugins for Editor in 0.07 ms.
Unloading 47 Unused Serialized files (Serialized files now loaded: 0)
Unloading 6990 unused Assets / (7.5 MB). Loaded Objects now: 7804.
Memory consumption went from 236.1 MB to 228.5 MB.
Total: 18.849600 ms (FindLiveObjects: 1.351000 ms CreateObjectMapping: 1.562700 ms MarkObjects: 9.776400 ms  DeleteObjects: 6.158200 ms)

Prepare: number of updated asset objects reloaded= 0
========================================================================
Received Prepare
Begin MonoManager ReloadAssembly
- Loaded All Assemblies, in  0.956 seconds
Refreshing native plugins compatible for Editor in 14.19 ms, found 12 plugins.
Native extension for WindowsStandalone target not found
[Package Manager] Failed to launch server process. Reason: Unity was launched with the -noUpm command-line argument
[Package Manager] Unable to send message (not connected to server process).
[Package Manager] Cannot connect to Unity Package Manager local server
System.NullReferenceException: Object reference not set to an instance of an object
  at UnityEditor.XR.Interaction.Toolkit.Analytics.XRIAnalytics..cctor () [0x00000] in .\Library\PackageCache\com.unity.xr.interaction.toolkit@42ef3600567b\Editor\Analytics\XRIAnalytics.cs:32 
UnityEngine.Debug:ExtractStackTraceNoAlloc (byte*,int,string)
UnityEngine.StackTraceUtility:ExtractStackTrace ()
UnityEngine.DebugLogHandler:Internal_Log (UnityEngine.LogType,UnityEngine.LogOption,string,UnityEngine.Object)
UnityEngine.DebugLogHandler:LogFormat (UnityEngine.LogType,UnityEngine.Object,string,object[])
UnityEngine.Logger:Log (UnityEngine.LogType,object)
UnityEngine.Debug:LogError (object)
UnityEditor.EditorAssemblies:ProcessInitializeOnLoadAttributes (System.Type[])

System.Reflection.TargetInvocationException: Exception has been thrown by the target of an invocation. ---> System.NullReferenceException: Object reference not set to an instance of an object
  at Unity.XR.Oculus.OculusLoader.AssetPathToAbsolutePath (System.String assetPath) [0x0003d] in .\Library\PackageCache\com.unity.xr.oculus@f23ad2c521e1\Runtime\OculusLoader.cs:312 
  at Unity.XR.Oculus.OculusLoader.EditorLoadOVRPlugin () [0x0008c] in .\Library\PackageCache\com.unity.xr.oculus@f23ad2c521e1\Runtime\OculusLoader.cs:297 
  at (wrapper managed-to-native) System.Reflection.RuntimeMethodInfo.InternalInvoke(System.Reflection.RuntimeMethodInfo,object,object[],System.Exception&)
  at System.Reflection.RuntimeMethodInfo.Invoke (System.Object obj, System.Reflection.BindingFlags invokeAttr, System.Reflection.Binder binder, System.Object[] parameters, System.Globalization.CultureInfo culture) [0x0006a] in <13c0c460649d4ce49f991e2c222fa635>:0 
   --- End of inner exception stack trace ---
  at System.Reflection.RuntimeMethodInfo.Invoke (System.Object obj, System.Reflection.BindingFlags invokeAttr, System.Reflection.Binder binder, System.Object[] parameters, System.Globalization.CultureInfo culture) [0x00083] in <13c0c460649d4ce49f991e2c222fa635>:0 
  at System.Reflection.MethodBase.Invoke (System.Object obj, System.Object[] parameters) [0x00000] in <13c0c460649d4ce49f991e2c222fa635>:0 
  at UnityEditor.EditorAssemblies.ProcessInitializeOnLoadMethodAttributes () [0x00056] in <95707308f6f3498991e9df8902fe97ba>:0 
UnityEngine.Debug:ExtractStackTraceNoAlloc (byte*,int,string)
UnityEngine.StackTraceUtility:ExtractStackTrace ()
UnityEngine.DebugLogHandler:Internal_Log (UnityEngine.LogType,UnityEngine.LogOption,string,UnityEngine.Object)
UnityEngine.DebugLogHandler:LogFormat (UnityEngine.LogType,UnityEngine.Object,string,object[])
UnityEngine.Logger:Log (UnityEngine.LogType,object)
UnityEngine.Debug:LogError (object)
UnityEditor.EditorAssemblies:ProcessInitializeOnLoadMethodAttributes ()

Mono: successfully reloaded assembly
[Package Manager] Failed to launch server process. Reason: Unity was launched with the -noUpm command-line argument
[Package Manager] Unable to send message (not connected to server process).
[Package Manager] Cannot connect to Unity Package Manager local server
- Finished resetting the current domain, in  1.276 seconds
Domain Reload Profiling: 2233ms
	BeginReloadAssembly (283ms)
		ExecutionOrderSort (0ms)
		DisableScriptedObjects (7ms)
		BackupInstance (0ms)
		ReleaseScriptingObjects (0ms)
		CreateAndSetChildDomain (58ms)
	RebuildCommonClasses (46ms)
	RebuildNativeTypeToScriptingClass (16ms)
	initialDomainReloadingComplete (30ms)
	LoadAllAssembliesAndSetupDomain (583ms)
		LoadAssemblies (491ms)
		RebuildTransferFunctionScriptingTraits (0ms)
		AnalyzeDomain (257ms)
			TypeCache.Refresh (7ms)
				TypeCache.ScanAssembly (0ms)
			BuildScriptInfoCaches (228ms)
			ResolveRequiredComponents (18ms)
	FinalizeReload (1277ms)
		ReleaseScriptCaches (0ms)
		RebuildScriptCaches (0ms)
		SetupLoadedEditorAssemblies (1026ms)
			LogAssemblyErrors (0ms)
			InitializePlatformSupportModulesInManaged (3ms)
			SetLoadedEditorAssemblies (6ms)
			BeforeProcessingInitializeOnLoad (150ms)
			ProcessInitializeOnLoadAttributes (715ms)
			ProcessInitializeOnLoadMethodAttributes (146ms)
			AfterProcessingInitializeOnLoad (5ms)
			EditorAssembliesLoaded (0ms)
		ExecutionOrderSort2 (0ms)
		AwakeInstancesAfterBackupRestoration (16ms)
Refreshing native plugins compatible for Editor in 19.16 ms, found 12 plugins.
Preloading 1 native plugins for Editor in 0.07 ms.
Unloading 47 Unused Serialized files (Serialized files now loaded: 0)
Unloading 6990 unused Assets / (7.9 MB). Loaded Objects now: 7807.
Memory consumption went from 236.1 MB to 228.2 MB.
Total: 20.306800 ms (FindLiveObjects: 1.380300 ms CreateObjectMapping: 1.608300 ms MarkObjects: 10.830300 ms  DeleteObjects: 6.485300 ms)

Prepare: number of updated asset objects reloaded= 0
========================================================================
Received Prepare
Begin MonoManager ReloadAssembly
- Loaded All Assemblies, in  0.952 seconds
Refreshing native plugins compatible for Editor in 12.94 ms, found 12 plugins.
Native extension for WindowsStandalone target not found
[Package Manager] Failed to launch server process. Reason: Unity was launched with the -noUpm command-line argument
[Package Manager] Unable to send message (not connected to server process).
[Package Manager] Cannot connect to Unity Package Manager local server
System.NullReferenceException: Object reference not set to an instance of an object
  at UnityEditor.XR.Interaction.Toolkit.Analytics.XRIAnalytics..cctor () [0x00000] in .\Library\PackageCache\com.unity.xr.interaction.toolkit@42ef3600567b\Editor\Analytics\XRIAnalytics.cs:32 
UnityEngine.Debug:ExtractStackTraceNoAlloc (byte*,int,string)
UnityEngine.StackTraceUtility:ExtractStackTrace ()
UnityEngine.DebugLogHandler:Internal_Log (UnityEngine.LogType,UnityEngine.LogOption,string,UnityEngine.Object)
UnityEngine.DebugLogHandler:LogFormat (UnityEngine.LogType,UnityEngine.Object,string,object[])
UnityEngine.Logger:Log (UnityEngine.LogType,object)
UnityEngine.Debug:LogError (object)
UnityEditor.EditorAssemblies:ProcessInitializeOnLoadAttributes (System.Type[])

System.Reflection.TargetInvocationException: Exception has been thrown by the target of an invocation. ---> System.NullReferenceException: Object reference not set to an instance of an object
  at Unity.XR.Oculus.OculusLoader.AssetPathToAbsolutePath (System.String assetPath) [0x0003d] in .\Library\PackageCache\com.unity.xr.oculus@f23ad2c521e1\Runtime\OculusLoader.cs:312 
  at Unity.XR.Oculus.OculusLoader.EditorLoadOVRPlugin () [0x0008c] in .\Library\PackageCache\com.unity.xr.oculus@f23ad2c521e1\Runtime\OculusLoader.cs:297 
  at (wrapper managed-to-native) System.Reflection.RuntimeMethodInfo.InternalInvoke(System.Reflection.RuntimeMethodInfo,object,object[],System.Exception&)
  at System.Reflection.RuntimeMethodInfo.Invoke (System.Object obj, System.Reflection.BindingFlags invokeAttr, System.Reflection.Binder binder, System.Object[] parameters, System.Globalization.CultureInfo culture) [0x0006a] in <13c0c460649d4ce49f991e2c222fa635>:0 
   --- End of inner exception stack trace ---
  at System.Reflection.RuntimeMethodInfo.Invoke (System.Object obj, System.Reflection.BindingFlags invokeAttr, System.Reflection.Binder binder, System.Object[] parameters, System.Globalization.CultureInfo culture) [0x00083] in <13c0c460649d4ce49f991e2c222fa635>:0 
  at System.Reflection.MethodBase.Invoke (System.Object obj, System.Object[] parameters) [0x00000] in <13c0c460649d4ce49f991e2c222fa635>:0 
  at UnityEditor.EditorAssemblies.ProcessInitializeOnLoadMethodAttributes () [0x00056] in <95707308f6f3498991e9df8902fe97ba>:0 
UnityEngine.Debug:ExtractStackTraceNoAlloc (byte*,int,string)
UnityEngine.StackTraceUtility:ExtractStackTrace ()
UnityEngine.DebugLogHandler:Internal_Log (UnityEngine.LogType,UnityEngine.LogOption,string,UnityEngine.Object)
UnityEngine.DebugLogHandler:LogFormat (UnityEngine.LogType,UnityEngine.Object,string,object[])
UnityEngine.Logger:Log (UnityEngine.LogType,object)
UnityEngine.Debug:LogError (object)
UnityEditor.EditorAssemblies:ProcessInitializeOnLoadMethodAttributes ()

Mono: successfully reloaded assembly
[Package Manager] Failed to launch server process. Reason: Unity was launched with the -noUpm command-line argument
[Package Manager] Unable to send message (not connected to server process).
[Package Manager] Cannot connect to Unity Package Manager local server
- Finished resetting the current domain, in  1.288 seconds
Domain Reload Profiling: 2242ms
	BeginReloadAssembly (282ms)
		ExecutionOrderSort (0ms)
		DisableScriptedObjects (7ms)
		BackupInstance (0ms)
		ReleaseScriptingObjects (0ms)
		CreateAndSetChildDomain (58ms)
	RebuildCommonClasses (50ms)
	RebuildNativeTypeToScriptingClass (25ms)
	initialDomainReloadingComplete (34ms)
	LoadAllAssembliesAndSetupDomain (561ms)
		LoadAssemblies (488ms)
		RebuildTransferFunctionScriptingTraits (0ms)
		AnalyzeDomain (243ms)
			TypeCache.Refresh (7ms)
				TypeCache.ScanAssembly (0ms)
			BuildScriptInfoCaches (217ms)
			ResolveRequiredComponents (16ms)
	FinalizeReload (1289ms)
		ReleaseScriptCaches (0ms)
		RebuildScriptCaches (0ms)
		SetupLoadedEditorAssemblies (1036ms)
			LogAssemblyErrors (0ms)
			InitializePlatformSupportModulesInManaged (2ms)
			SetLoadedEditorAssemblies (4ms)
			BeforeProcessingInitializeOnLoad (147ms)
			ProcessInitializeOnLoadAttributes (745ms)
			ProcessInitializeOnLoadMethodAttributes (134ms)
			AfterProcessingInitializeOnLoad (3ms)
			EditorAssembliesLoaded (0ms)
		ExecutionOrderSort2 (0ms)
		AwakeInstancesAfterBackupRestoration (15ms)
Refreshing native plugins compatible for Editor in 22.83 ms, found 12 plugins.
Preloading 1 native plugins for Editor in 0.08 ms.
Unloading 47 Unused Serialized files (Serialized files now loaded: 0)
Unloading 6990 unused Assets / (7.6 MB). Loaded Objects now: 7810.
Memory consumption went from 212.8 MB to 205.2 MB.
Total: 17.957100 ms (FindLiveObjects: 1.356100 ms CreateObjectMapping: 1.487000 ms MarkObjects: 8.860400 ms  DeleteObjects: 6.252300 ms)

Prepare: number of updated asset objects reloaded= 0
========================================================================
Received Prepare
Refreshing native plugins compatible for Editor in 20.64 ms, found 12 plugins.
Preloading 1 native plugins for Editor in 0.09 ms.
Unloading 34 Unused Serialized files (Serialized files now loaded: 0)
Unloading 6936 unused Assets / (6.7 MB). Loaded Objects now: 7794.
Memory consumption went from 160.3 MB to 153.6 MB.
Total: 17.065100 ms (FindLiveObjects: 1.393800 ms CreateObjectMapping: 1.589600 ms MarkObjects: 8.764500 ms  DeleteObjects: 5.315800 ms)

Prepare: number of updated asset objects reloaded= 0
========================================================================
Received Import Request.
  Time since last request: 681.713847 seconds.
  path: Assets/Scripts/Fire.cs
  artifactKey: Guid(2c92f83db165c7348b16e47601fc17b5) Importer(815301076,1909f56bfc062723c751e8b465ee728b)
Start importing Assets/Scripts/Fire.cs using Guid(2c92f83db165c7348b16e47601fc17b5) Importer(815301076,1909f56bfc062723c751e8b465ee728b) (PreviewImporter) -> (artifact id: '167779565339dcb78cc8a091bdccaef5') in 0.0807894 seconds
Number of updated asset objects reloaded before import = 0Number of asset objects unloaded after import = 0

========================================================================
Received Prepare
Begin MonoManager ReloadAssembly
- Loaded All Assemblies, in  1.012 seconds
Refreshing native plugins compatible for Editor in 13.42 ms, found 12 plugins.
Native extension for WindowsStandalone target not found
[Package Manager] Failed to launch server process. Reason: Unity was launched with the -noUpm command-line argument
[Package Manager] Unable to send message (not connected to server process).
[Package Manager] Cannot connect to Unity Package Manager local server
System.NullReferenceException: Object reference not set to an instance of an object
  at UnityEditor.XR.Interaction.Toolkit.Analytics.XRIAnalytics..cctor () [0x00000] in .\Library\PackageCache\com.unity.xr.interaction.toolkit@42ef3600567b\Editor\Analytics\XRIAnalytics.cs:32 
UnityEngine.Debug:ExtractStackTraceNoAlloc (byte*,int,string)
UnityEngine.StackTraceUtility:ExtractStackTrace ()
UnityEngine.DebugLogHandler:Internal_Log (UnityEngine.LogType,UnityEngine.LogOption,string,UnityEngine.Object)
UnityEngine.DebugLogHandler:LogFormat (UnityEngine.LogType,UnityEngine.Object,string,object[])
UnityEngine.Logger:Log (UnityEngine.LogType,object)
UnityEngine.Debug:LogError (object)
UnityEditor.EditorAssemblies:ProcessInitializeOnLoadAttributes (System.Type[])

System.Reflection.TargetInvocationException: Exception has been thrown by the target of an invocation. ---> System.NullReferenceException: Object reference not set to an instance of an object
  at Unity.XR.Oculus.OculusLoader.AssetPathToAbsolutePath (System.String assetPath) [0x0003d] in .\Library\PackageCache\com.unity.xr.oculus@f23ad2c521e1\Runtime\OculusLoader.cs:312 
  at Unity.XR.Oculus.OculusLoader.EditorLoadOVRPlugin () [0x0008c] in .\Library\PackageCache\com.unity.xr.oculus@f23ad2c521e1\Runtime\OculusLoader.cs:297 
  at (wrapper managed-to-native) System.Reflection.RuntimeMethodInfo.InternalInvoke(System.Reflection.RuntimeMethodInfo,object,object[],System.Exception&)
  at System.Reflection.RuntimeMethodInfo.Invoke (System.Object obj, System.Reflection.BindingFlags invokeAttr, System.Reflection.Binder binder, System.Object[] parameters, System.Globalization.CultureInfo culture) [0x0006a] in <13c0c460649d4ce49f991e2c222fa635>:0 
   --- End of inner exception stack trace ---
  at System.Reflection.RuntimeMethodInfo.Invoke (System.Object obj, System.Reflection.BindingFlags invokeAttr, System.Reflection.Binder binder, System.Object[] parameters, System.Globalization.CultureInfo culture) [0x00083] in <13c0c460649d4ce49f991e2c222fa635>:0 
  at System.Reflection.MethodBase.Invoke (System.Object obj, System.Object[] parameters) [0x00000] in <13c0c460649d4ce49f991e2c222fa635>:0 
  at UnityEditor.EditorAssemblies.ProcessInitializeOnLoadMethodAttributes () [0x00056] in <95707308f6f3498991e9df8902fe97ba>:0 
UnityEngine.Debug:ExtractStackTraceNoAlloc (byte*,int,string)
UnityEngine.StackTraceUtility:ExtractStackTrace ()
UnityEngine.DebugLogHandler:Internal_Log (UnityEngine.LogType,UnityEngine.LogOption,string,UnityEngine.Object)
UnityEngine.DebugLogHandler:LogFormat (UnityEngine.LogType,UnityEngine.Object,string,object[])
UnityEngine.Logger:Log (UnityEngine.LogType,object)
UnityEngine.Debug:LogError (object)
UnityEditor.EditorAssemblies:ProcessInitializeOnLoadMethodAttributes ()

Mono: successfully reloaded assembly
[Package Manager] Failed to launch server process. Reason: Unity was launched with the -noUpm command-line argument
[Package Manager] Unable to send message (not connected to server process).
[Package Manager] Cannot connect to Unity Package Manager local server
- Finished resetting the current domain, in  1.290 seconds
Domain Reload Profiling: 2304ms
	BeginReloadAssembly (317ms)
		ExecutionOrderSort (0ms)
		DisableScriptedObjects (9ms)
		BackupInstance (0ms)
		ReleaseScriptingObjects (0ms)
		CreateAndSetChildDomain (71ms)
	RebuildCommonClasses (44ms)
	RebuildNativeTypeToScriptingClass (15ms)
	initialDomainReloadingComplete (29ms)
	LoadAllAssembliesAndSetupDomain (608ms)
		LoadAssemblies (521ms)
		RebuildTransferFunctionScriptingTraits (0ms)
		AnalyzeDomain (272ms)
			TypeCache.Refresh (8ms)
				TypeCache.ScanAssembly (0ms)
			BuildScriptInfoCaches (243ms)
			ResolveRequiredComponents (17ms)
	FinalizeReload (1290ms)
		ReleaseScriptCaches (0ms)
		RebuildScriptCaches (0ms)
		SetupLoadedEditorAssemblies (1019ms)
			LogAssemblyErrors (0ms)
			InitializePlatformSupportModulesInManaged (2ms)
			SetLoadedEditorAssemblies (4ms)
			BeforeProcessingInitializeOnLoad (157ms)
			ProcessInitializeOnLoadAttributes (693ms)
			ProcessInitializeOnLoadMethodAttributes (157ms)
			AfterProcessingInitializeOnLoad (5ms)
			EditorAssembliesLoaded (0ms)
		ExecutionOrderSort2 (0ms)
		AwakeInstancesAfterBackupRestoration (15ms)
Refreshing native plugins compatible for Editor in 19.70 ms, found 12 plugins.
Preloading 1 native plugins for Editor in 0.07 ms.
Unloading 47 Unused Serialized files (Serialized files now loaded: 0)
Unloading 6990 unused Assets / (7.6 MB). Loaded Objects now: 7813.
Memory consumption went from 236.1 MB to 228.6 MB.
Total: 19.187500 ms (FindLiveObjects: 1.597100 ms CreateObjectMapping: 1.639200 ms MarkObjects: 9.678500 ms  DeleteObjects: 6.271000 ms)

Prepare: number of updated asset objects reloaded= 0
========================================================================
Received Import Request.
  Time since last request: 30.210232 seconds.
  path: Assets/Scripts/Fire.cs
  artifactKey: Guid(2c92f83db165c7348b16e47601fc17b5) Importer(815301076,1909f56bfc062723c751e8b465ee728b)
Start importing Assets/Scripts/Fire.cs using Guid(2c92f83db165c7348b16e47601fc17b5) Importer(815301076,1909f56bfc062723c751e8b465ee728b) (PreviewImporter) -> (artifact id: '198c3bf2a7675058b551bc3e367c3cd8') in 0.0074527 seconds
Number of updated asset objects reloaded before import = 0Number of asset objects unloaded after import = 0

========================================================================
Received Prepare
Begin MonoManager ReloadAssembly
- Loaded All Assemblies, in  0.986 seconds
Refreshing native plugins compatible for Editor in 12.99 ms, found 12 plugins.
Native extension for WindowsStandalone target not found
[Package Manager] Failed to launch server process. Reason: Unity was launched with the -noUpm command-line argument
[Package Manager] Unable to send message (not connected to server process).
[Package Manager] Cannot connect to Unity Package Manager local server
System.NullReferenceException: Object reference not set to an instance of an object
  at UnityEditor.XR.Interaction.Toolkit.Analytics.XRIAnalytics..cctor () [0x00000] in .\Library\PackageCache\com.unity.xr.interaction.toolkit@42ef3600567b\Editor\Analytics\XRIAnalytics.cs:32 
UnityEngine.Debug:ExtractStackTraceNoAlloc (byte*,int,string)
UnityEngine.StackTraceUtility:ExtractStackTrace ()
UnityEngine.DebugLogHandler:Internal_Log (UnityEngine.LogType,UnityEngine.LogOption,string,UnityEngine.Object)
UnityEngine.DebugLogHandler:LogFormat (UnityEngine.LogType,UnityEngine.Object,string,object[])
UnityEngine.Logger:Log (UnityEngine.LogType,object)
UnityEngine.Debug:LogError (object)
UnityEditor.EditorAssemblies:ProcessInitializeOnLoadAttributes (System.Type[])

System.Reflection.TargetInvocationException: Exception has been thrown by the target of an invocation. ---> System.NullReferenceException: Object reference not set to an instance of an object
  at Unity.XR.Oculus.OculusLoader.AssetPathToAbsolutePath (System.String assetPath) [0x0003d] in .\Library\PackageCache\com.unity.xr.oculus@f23ad2c521e1\Runtime\OculusLoader.cs:312 
  at Unity.XR.Oculus.OculusLoader.EditorLoadOVRPlugin () [0x0008c] in .\Library\PackageCache\com.unity.xr.oculus@f23ad2c521e1\Runtime\OculusLoader.cs:297 
  at (wrapper managed-to-native) System.Reflection.RuntimeMethodInfo.InternalInvoke(System.Reflection.RuntimeMethodInfo,object,object[],System.Exception&)
  at System.Reflection.RuntimeMethodInfo.Invoke (System.Object obj, System.Reflection.BindingFlags invokeAttr, System.Reflection.Binder binder, System.Object[] parameters, System.Globalization.CultureInfo culture) [0x0006a] in <13c0c460649d4ce49f991e2c222fa635>:0 
   --- End of inner exception stack trace ---
  at System.Reflection.RuntimeMethodInfo.Invoke (System.Object obj, System.Reflection.BindingFlags invokeAttr, System.Reflection.Binder binder, System.Object[] parameters, System.Globalization.CultureInfo culture) [0x00083] in <13c0c460649d4ce49f991e2c222fa635>:0 
  at System.Reflection.MethodBase.Invoke (System.Object obj, System.Object[] parameters) [0x00000] in <13c0c460649d4ce49f991e2c222fa635>:0 
  at UnityEditor.EditorAssemblies.ProcessInitializeOnLoadMethodAttributes () [0x00056] in <95707308f6f3498991e9df8902fe97ba>:0 
UnityEngine.Debug:ExtractStackTraceNoAlloc (byte*,int,string)
UnityEngine.StackTraceUtility:ExtractStackTrace ()
UnityEngine.DebugLogHandler:Internal_Log (UnityEngine.LogType,UnityEngine.LogOption,string,UnityEngine.Object)
UnityEngine.DebugLogHandler:LogFormat (UnityEngine.LogType,UnityEngine.Object,string,object[])
UnityEngine.Logger:Log (UnityEngine.LogType,object)
UnityEngine.Debug:LogError (object)
UnityEditor.EditorAssemblies:ProcessInitializeOnLoadMethodAttributes ()

Mono: successfully reloaded assembly
[Package Manager] Failed to launch server process. Reason: Unity was launched with the -noUpm command-line argument
[Package Manager] Unable to send message (not connected to server process).
[Package Manager] Cannot connect to Unity Package Manager local server
- Finished resetting the current domain, in  1.311 seconds
Domain Reload Profiling: 2299ms
	BeginReloadAssembly (298ms)
		ExecutionOrderSort (0ms)
		DisableScriptedObjects (8ms)
		BackupInstance (0ms)
		ReleaseScriptingObjects (0ms)
		CreateAndSetChildDomain (67ms)
	RebuildCommonClasses (46ms)
	RebuildNativeTypeToScriptingClass (16ms)
	initialDomainReloadingComplete (37ms)
	LoadAllAssembliesAndSetupDomain (590ms)
		LoadAssemblies (500ms)
		RebuildTransferFunctionScriptingTraits (0ms)
		AnalyzeDomain (268ms)
			TypeCache.Refresh (8ms)
				TypeCache.ScanAssembly (0ms)
			BuildScriptInfoCaches (238ms)
			ResolveRequiredComponents (18ms)
	FinalizeReload (1312ms)
		ReleaseScriptCaches (0ms)
		RebuildScriptCaches (0ms)
		SetupLoadedEditorAssemblies (1055ms)
			LogAssemblyErrors (0ms)
			InitializePlatformSupportModulesInManaged (4ms)
			SetLoadedEditorAssemblies (6ms)
			BeforeProcessingInitializeOnLoad (158ms)
			ProcessInitializeOnLoadAttributes (730ms)
			ProcessInitializeOnLoadMethodAttributes (154ms)
			AfterProcessingInitializeOnLoad (5ms)
			EditorAssembliesLoaded (0ms)
		ExecutionOrderSort2 (0ms)
		AwakeInstancesAfterBackupRestoration (13ms)
Refreshing native plugins compatible for Editor in 19.03 ms, found 12 plugins.
Preloading 1 native plugins for Editor in 0.08 ms.
Unloading 47 Unused Serialized files (Serialized files now loaded: 0)
Unloading 6990 unused Assets / (7.5 MB). Loaded Objects now: 7816.
Memory consumption went from 212.8 MB to 205.4 MB.
Total: 17.439400 ms (FindLiveObjects: 1.339100 ms CreateObjectMapping: 1.404300 ms MarkObjects: 8.771700 ms  DeleteObjects: 5.922900 ms)

Prepare: number of updated asset objects reloaded= 0
========================================================================
Received Prepare
Begin MonoManager ReloadAssembly
- Loaded All Assemblies, in  0.990 seconds
Refreshing native plugins compatible for Editor in 12.94 ms, found 12 plugins.
Native extension for WindowsStandalone target not found
[Package Manager] Failed to launch server process. Reason: Unity was launched with the -noUpm command-line argument
[Package Manager] Unable to send message (not connected to server process).
[Package Manager] Cannot connect to Unity Package Manager local server
System.NullReferenceException: Object reference not set to an instance of an object
  at UnityEditor.XR.Interaction.Toolkit.Analytics.XRIAnalytics..cctor () [0x00000] in .\Library\PackageCache\com.unity.xr.interaction.toolkit@42ef3600567b\Editor\Analytics\XRIAnalytics.cs:32 
UnityEngine.Debug:ExtractStackTraceNoAlloc (byte*,int,string)
UnityEngine.StackTraceUtility:ExtractStackTrace ()
UnityEngine.DebugLogHandler:Internal_Log (UnityEngine.LogType,UnityEngine.LogOption,string,UnityEngine.Object)
UnityEngine.DebugLogHandler:LogFormat (UnityEngine.LogType,UnityEngine.Object,string,object[])
UnityEngine.Logger:Log (UnityEngine.LogType,object)
UnityEngine.Debug:LogError (object)
UnityEditor.EditorAssemblies:ProcessInitializeOnLoadAttributes (System.Type[])

System.Reflection.TargetInvocationException: Exception has been thrown by the target of an invocation. ---> System.NullReferenceException: Object reference not set to an instance of an object
  at Unity.XR.Oculus.OculusLoader.AssetPathToAbsolutePath (System.String assetPath) [0x0003d] in .\Library\PackageCache\com.unity.xr.oculus@f23ad2c521e1\Runtime\OculusLoader.cs:312 
  at Unity.XR.Oculus.OculusLoader.EditorLoadOVRPlugin () [0x0008c] in .\Library\PackageCache\com.unity.xr.oculus@f23ad2c521e1\Runtime\OculusLoader.cs:297 
  at (wrapper managed-to-native) System.Reflection.RuntimeMethodInfo.InternalInvoke(System.Reflection.RuntimeMethodInfo,object,object[],System.Exception&)
  at System.Reflection.RuntimeMethodInfo.Invoke (System.Object obj, System.Reflection.BindingFlags invokeAttr, System.Reflection.Binder binder, System.Object[] parameters, System.Globalization.CultureInfo culture) [0x0006a] in <13c0c460649d4ce49f991e2c222fa635>:0 
   --- End of inner exception stack trace ---
  at System.Reflection.RuntimeMethodInfo.Invoke (System.Object obj, System.Reflection.BindingFlags invokeAttr, System.Reflection.Binder binder, System.Object[] parameters, System.Globalization.CultureInfo culture) [0x00083] in <13c0c460649d4ce49f991e2c222fa635>:0 
  at System.Reflection.MethodBase.Invoke (System.Object obj, System.Object[] parameters) [0x00000] in <13c0c460649d4ce49f991e2c222fa635>:0 
  at UnityEditor.EditorAssemblies.ProcessInitializeOnLoadMethodAttributes () [0x00056] in <95707308f6f3498991e9df8902fe97ba>:0 
UnityEngine.Debug:ExtractStackTraceNoAlloc (byte*,int,string)
UnityEngine.StackTraceUtility:ExtractStackTrace ()
UnityEngine.DebugLogHandler:Internal_Log (UnityEngine.LogType,UnityEngine.LogOption,string,UnityEngine.Object)
UnityEngine.DebugLogHandler:LogFormat (UnityEngine.LogType,UnityEngine.Object,string,object[])
UnityEngine.Logger:Log (UnityEngine.LogType,object)
UnityEngine.Debug:LogError (object)
UnityEditor.EditorAssemblies:ProcessInitializeOnLoadMethodAttributes ()

Mono: successfully reloaded assembly
[Package Manager] Failed to launch server process. Reason: Unity was launched with the -noUpm command-line argument
[Package Manager] Unable to send message (not connected to server process).
[Package Manager] Cannot connect to Unity Package Manager local server
- Finished resetting the current domain, in  1.292 seconds
Domain Reload Profiling: 2285ms
	BeginReloadAssembly (285ms)
		ExecutionOrderSort (0ms)
		DisableScriptedObjects (7ms)
		BackupInstance (0ms)
		ReleaseScriptingObjects (0ms)
		CreateAndSetChildDomain (65ms)
	RebuildCommonClasses (58ms)
	RebuildNativeTypeToScriptingClass (22ms)
	initialDomainReloadingComplete (33ms)
	LoadAllAssembliesAndSetupDomain (593ms)
		LoadAssemblies (493ms)
		RebuildTransferFunctionScriptingTraits (0ms)
		AnalyzeDomain (265ms)
			TypeCache.Refresh (11ms)
				TypeCache.ScanAssembly (1ms)
			BuildScriptInfoCaches (226ms)
			ResolveRequiredComponents (22ms)
	FinalizeReload (1293ms)
		ReleaseScriptCaches (0ms)
		RebuildScriptCaches (0ms)
		SetupLoadedEditorAssemblies (1017ms)
			LogAssemblyErrors (0ms)
			InitializePlatformSupportModulesInManaged (2ms)
			SetLoadedEditorAssemblies (4ms)
			BeforeProcessingInitializeOnLoad (163ms)
			ProcessInitializeOnLoadAttributes (696ms)
			ProcessInitializeOnLoadMethodAttributes (149ms)
			AfterProcessingInitializeOnLoad (3ms)
			EditorAssembliesLoaded (0ms)
		ExecutionOrderSort2 (0ms)
		AwakeInstancesAfterBackupRestoration (14ms)
Refreshing native plugins compatible for Editor in 19.07 ms, found 12 plugins.
Preloading 1 native plugins for Editor in 0.06 ms.
Unloading 47 Unused Serialized files (Serialized files now loaded: 0)
Unloading 6996 unused Assets / (7.5 MB). Loaded Objects now: 7825.
Memory consumption went from 214.2 MB to 206.7 MB.
Total: 17.989600 ms (FindLiveObjects: 1.298000 ms CreateObjectMapping: 1.592000 ms MarkObjects: 9.039500 ms  DeleteObjects: 6.058900 ms)

Prepare: number of updated asset objects reloaded= 0
========================================================================
Received Import Request.
  Time since last request: 365.457545 seconds.
  path: Assets/Easy FPS/Images/bluegrid.png
  artifactKey: Guid(941baee21d2f342e2bef70ff3d0ea6f5) Importer(815301076,1909f56bfc062723c751e8b465ee728b)
Start importing Assets/Easy FPS/Images/bluegrid.png using Guid(941baee21d2f342e2bef70ff3d0ea6f5) Importer(815301076,1909f56bfc062723c751e8b465ee728b) (PreviewImporter) -> (artifact id: '522e86a9af719c6b1540d1f836cb122c') in 0.087792 seconds
Number of updated asset objects reloaded before import = 0Number of asset objects unloaded after import = 2

========================================================================
Received Import Request.
  Time since last request: 0.000019 seconds.
  path: Assets/Easy FPS/Images/horizon_crosshir.png
  artifactKey: Guid(e1aa4c90445944348a112c3b7fa4b318) Importer(815301076,1909f56bfc062723c751e8b465ee728b)
Start importing Assets/Easy FPS/Images/horizon_crosshir.png using Guid(e1aa4c90445944348a112c3b7fa4b318) Importer(815301076,1909f56bfc062723c751e8b465ee728b) (PreviewImporter) -> (artifact id: '4c6f735a7417f12641c722ac9dbfeb81') in 0.0091782 seconds
Number of updated asset objects reloaded before import = 0Number of asset objects unloaded after import = 2

========================================================================
Received Import Request.
  Time since last request: 1.524932 seconds.
  path: Assets/Easy FPS/Scripts/BulletScript.cs
  artifactKey: Guid(15e3d39d01a5946499fa8b6b5dc1b00f) Importer(815301076,1909f56bfc062723c751e8b465ee728b)
Start importing Assets/Easy FPS/Scripts/BulletScript.cs using Guid(15e3d39d01a5946499fa8b6b5dc1b00f) Importer(815301076,1909f56bfc062723c751e8b465ee728b) (PreviewImporter) -> (artifact id: 'c9c29073f682d5c72ad5453657abdee0') in 0.0005471 seconds
Number of updated asset objects reloaded before import = 0Number of asset objects unloaded after import = 0

========================================================================
Received Import Request.
  Time since last request: 5.505034 seconds.
  path: Assets/Easy FPS/Scripts/DestroyAfterTimeParticle.cs
  artifactKey: Guid(63fcd57c108bbc844ac776aeae523ba7) Importer(815301076,1909f56bfc062723c751e8b465ee728b)
Start importing Assets/Easy FPS/Scripts/DestroyAfterTimeParticle.cs using Guid(63fcd57c108bbc844ac776aeae523ba7) Importer(815301076,1909f56bfc062723c751e8b465ee728b) (PreviewImporter) -> (artifact id: '0d09bebc2a397acfe7cd71946e48ac3e') in 0.0005258 seconds
Number of updated asset objects reloaded before import = 0Number of asset objects unloaded after import = 0

========================================================================
Received Import Request.
  Time since last request: 5.452561 seconds.
  path: Assets/Easy FPS/Scripts/GunInventory.cs
  artifactKey: Guid(65862fe2a77934c2a8e0f7efd1755329) Importer(815301076,1909f56bfc062723c751e8b465ee728b)
Start importing Assets/Easy FPS/Scripts/GunInventory.cs using Guid(65862fe2a77934c2a8e0f7efd1755329) Importer(815301076,1909f56bfc062723c751e8b465ee728b) (PreviewImporter) -> (artifact id: '4d7838e7d98668a61de9a6ff8f951692') in 0.0006638 seconds
Number of updated asset objects reloaded before import = 0Number of asset objects unloaded after import = 0

========================================================================
Received Import Request.
  Time since last request: 1.583802 seconds.
  path: Assets/Easy FPS/Scripts/GunScript.cs
  artifactKey: Guid(a804723bdccf04fca985e160ab5f88d5) Importer(815301076,1909f56bfc062723c751e8b465ee728b)
Start importing Assets/Easy FPS/Scripts/GunScript.cs using Guid(a804723bdccf04fca985e160ab5f88d5) Importer(815301076,1909f56bfc062723c751e8b465ee728b) (PreviewImporter) -> (artifact id: '4a6f67e13ed66de5e5f7db3ea92720a4') in 0.0004799 seconds
Number of updated asset objects reloaded before import = 0Number of asset objects unloaded after import = 0

========================================================================
Received Import Request.
  Time since last request: 10.255589 seconds.
  path: Assets/Easy FPS/Scripts/MouseLookScript.cs
  artifactKey: Guid(f828f55f50faf4017b1bfaaca53ebd71) Importer(815301076,1909f56bfc062723c751e8b465ee728b)
Start importing Assets/Easy FPS/Scripts/MouseLookScript.cs using Guid(f828f55f50faf4017b1bfaaca53ebd71) Importer(815301076,1909f56bfc062723c751e8b465ee728b) (PreviewImporter) -> (artifact id: '2385ec2f69b963b2c87122271fdf097f') in 0.0007437 seconds
Number of updated asset objects reloaded before import = 0Number of asset objects unloaded after import = 0

========================================================================
Received Import Request.
  Time since last request: 0.819670 seconds.
  path: Assets/Easy FPS/Scripts/PlayerMovementScript.cs
  artifactKey: Guid(97308ddfdff1d496cb759a41c819b13f) Importer(815301076,1909f56bfc062723c751e8b465ee728b)
Start importing Assets/Easy FPS/Scripts/PlayerMovementScript.cs using Guid(97308ddfdff1d496cb759a41c819b13f) Importer(815301076,1909f56bfc062723c751e8b465ee728b) (PreviewImporter) -> (artifact id: '4be7c3191d38f50cc5bb9a444ddb33c7') in 0.0004854 seconds
Number of updated asset objects reloaded before import = 0Number of asset objects unloaded after import = 0

========================================================================
Received Import Request.
  Time since last request: 4.175817 seconds.
  path: Assets/Easy FPS/Resources/NewGun_auto.prefab
  artifactKey: Guid(d263be518b43c45958a9fabf6650fd2d) Importer(815301076,1909f56bfc062723c751e8b465ee728b)
Start importing Assets/Easy FPS/Resources/NewGun_auto.prefab using Guid(d263be518b43c45958a9fabf6650fd2d) Importer(815301076,1909f56bfc062723c751e8b465ee728b) (PreviewImporter) -> (artifact id: 'e84252ca5e182bdd99c4b86fe8bd0697') in 0.0189639 seconds
Number of updated asset objects reloaded before import = 0Number of asset objects unloaded after import = 205

========================================================================
Received Import Request.
  Time since last request: 1.935400 seconds.
  path: Assets/Easy FPS/Resources/Weap_Icons
  artifactKey: Guid(ae55a45f7c39b4310bafae4b924b6855) Importer(815301076,1909f56bfc062723c751e8b465ee728b)
Start importing Assets/Easy FPS/Resources/Weap_Icons using Guid(ae55a45f7c39b4310bafae4b924b6855) Importer(815301076,1909f56bfc062723c751e8b465ee728b) (PreviewImporter) -> (artifact id: 'c93d96838cdcf75427f846319ab8e01b') in 0.0006164 seconds
Number of updated asset objects reloaded before import = 0Number of asset objects unloaded after import = 0

========================================================================
Received Import Request.
  Time since last request: 5.477818 seconds.
  path: Assets/Easy FPS/Resources/Weap_Icons/NewGun_auto_img.png
  artifactKey: Guid(4cc45e4dad006426e8c62aff1240b894) Importer(815301076,1909f56bfc062723c751e8b465ee728b)
Start importing Assets/Easy FPS/Resources/Weap_Icons/NewGun_auto_img.png using Guid(4cc45e4dad006426e8c62aff1240b894) Importer(815301076,1909f56bfc062723c751e8b465ee728b) (PreviewImporter) -> (artifact id: '9d3939edafff2109524503047c337276') in 0.0091714 seconds
Number of updated asset objects reloaded before import = 0Number of asset objects unloaded after import = 2

========================================================================
Received Import Request.
  Time since last request: 2.303419 seconds.
  path: Assets/Easy FPS/MuzzelFlash/Materials/Muzzle01.mat
  artifactKey: Guid(f970fb0871f31e94b951a1450fdc4bac) Importer(815301076,1909f56bfc062723c751e8b465ee728b)
Start importing Assets/Easy FPS/MuzzelFlash/Materials/Muzzle01.mat using Guid(f970fb0871f31e94b951a1450fdc4bac) Importer(815301076,1909f56bfc062723c751e8b465ee728b) (PreviewImporter) -> (artifact id: 'c97069d0e1856ed4110ff4506c9d71bb') in 0.5572215 seconds
Number of updated asset objects reloaded before import = 0Number of asset objects unloaded after import = 3

========================================================================
Received Import Request.
  Time since last request: 0.278284 seconds.
  path: Assets/Easy FPS/MuzzelFlash/MuzzlePrefabs/muzzelFlash 01.prefab
  artifactKey: Guid(51b76f616384d4946bed4ecc9a6c2c3e) Importer(815301076,1909f56bfc062723c751e8b465ee728b)
Start importing Assets/Easy FPS/MuzzelFlash/MuzzlePrefabs/muzzelFlash 01.prefab using Guid(51b76f616384d4946bed4ecc9a6c2c3e) Importer(815301076,1909f56bfc062723c751e8b465ee728b) (PreviewImporter) -> (artifact id: '39919f1d61c6567574902b346c336683') in 0.0204022 seconds
Number of updated asset objects reloaded before import = 0Number of asset objects unloaded after import = 10

========================================================================
Received Import Request.
  Time since last request: 0.000021 seconds.
  path: Assets/Easy FPS/MuzzelFlash/MuzzlePrefabs/muzzelFlash 03.prefab
  artifactKey: Guid(7b6a7e40bd9ccc0489274923930761c7) Importer(815301076,1909f56bfc062723c751e8b465ee728b)
Start importing Assets/Easy FPS/MuzzelFlash/MuzzlePrefabs/muzzelFlash 03.prefab using Guid(7b6a7e40bd9ccc0489274923930761c7) Importer(815301076,1909f56bfc062723c751e8b465ee728b) (PreviewImporter) -> (artifact id: 'eca8f17c8a6814a8736951956fbcbf17') in 0.0115547 seconds
Number of updated asset objects reloaded before import = 0Number of asset objects unloaded after import = 10

========================================================================
Received Import Request.
  Time since last request: 0.333574 seconds.
  path: Assets/Easy FPS/MuzzelFlash/Textures/Muzzle01.png
  artifactKey: Guid(6033696e53fde0c448ca7f63cf5b9d51) Importer(815301076,1909f56bfc062723c751e8b465ee728b)
Start importing Assets/Easy FPS/MuzzelFlash/Textures/Muzzle01.png using Guid(6033696e53fde0c448ca7f63cf5b9d51) Importer(815301076,1909f56bfc062723c751e8b465ee728b) (PreviewImporter) -> (artifact id: '99dd3cffd5f3b6ba68dea8d30a3ca30f') in 0.0136024 seconds
Number of updated asset objects reloaded before import = 0Number of asset objects unloaded after import = 2

========================================================================
Received Import Request.
  Time since last request: 0.000028 seconds.
  path: Assets/Easy FPS/MuzzelFlash/Textures/Muzzle05.png
  artifactKey: Guid(d6d816f89e5c56d43b75fb6c0cdecc48) Importer(815301076,1909f56bfc062723c751e8b465ee728b)
Start importing Assets/Easy FPS/MuzzelFlash/Textures/Muzzle05.png using Guid(d6d816f89e5c56d43b75fb6c0cdecc48) Importer(815301076,1909f56bfc062723c751e8b465ee728b) (PreviewImporter) -> (artifact id: 'cf6c220462c465bc10c4d71383e1ba2c') in 0.0074288 seconds
Number of updated asset objects reloaded before import = 0Number of asset objects unloaded after import = 2

========================================================================
Received Import Request.
  Time since last request: 2.292431 seconds.
  path: Assets/Easy FPS/Model_Animations_Textures/ironSight_addon/Iron Sight_Low.obj
  artifactKey: Guid(80186bec0c85545af8940e55ba620749) Importer(815301076,1909f56bfc062723c751e8b465ee728b)
Start importing Assets/Easy FPS/Model_Animations_Textures/ironSight_addon/Iron Sight_Low.obj using Guid(80186bec0c85545af8940e55ba620749) Importer(815301076,1909f56bfc062723c751e8b465ee728b) (PreviewImporter) -> (artifact id: '807cc8f26112526252280a2eee24e4b0') in 0.0525552 seconds
Number of updated asset objects reloaded before import = 0Number of asset objects unloaded after import = 14

========================================================================
Received Import Request.
  Time since last request: 0.000022 seconds.
  path: Assets/Easy FPS/Model_Animations_Textures/ironSight_addon/None_Mixed_AO.bmp
  artifactKey: Guid(9b2da876e21764dd5934cf18ac09df88) Importer(815301076,1909f56bfc062723c751e8b465ee728b)
Start importing Assets/Easy FPS/Model_Animations_Textures/ironSight_addon/None_Mixed_AO.bmp using Guid(9b2da876e21764dd5934cf18ac09df88) Importer(815301076,1909f56bfc062723c751e8b465ee728b) (PreviewImporter) -> (artifact id: '28faa82f1bfd2dd84bad8d4a3c0261c3') in 0.0076954 seconds
Number of updated asset objects reloaded before import = 0Number of asset objects unloaded after import = 2

========================================================================
Received Import Request.
  Time since last request: 0.000028 seconds.
  path: Assets/Easy FPS/Model_Animations_Textures/ironSight_addon/None_Base_Color.bmp
  artifactKey: Guid(dd750d4bbe18c46cdb6fcb63d695c1df) Importer(815301076,1909f56bfc062723c751e8b465ee728b)
Start importing Assets/Easy FPS/Model_Animations_Textures/ironSight_addon/None_Base_Color.bmp using Guid(dd750d4bbe18c46cdb6fcb63d695c1df) Importer(815301076,1909f56bfc062723c751e8b465ee728b) (PreviewImporter) -> (artifact id: '440d0f3820c72fbb40e73048b27ef8bf') in 0.018487 seconds
Number of updated asset objects reloaded before import = 0Number of asset objects unloaded after import = 2

========================================================================
Received Import Request.
  Time since last request: 0.000021 seconds.
  path: Assets/Easy FPS/Model_Animations_Textures/ironSight_addon/red_dot.png
  artifactKey: Guid(0eb598492766f4a6d9dc76017d64f57a) Importer(815301076,1909f56bfc062723c751e8b465ee728b)
Start importing Assets/Easy FPS/Model_Animations_Textures/ironSight_addon/red_dot.png using Guid(0eb598492766f4a6d9dc76017d64f57a) Importer(815301076,1909f56bfc062723c751e8b465ee728b) (PreviewImporter) -> (artifact id: '6b957a7b5193884001afac59dea1994e') in 0.0085271 seconds
Number of updated asset objects reloaded before import = 0Number of asset objects unloaded after import = 2

========================================================================
Received Import Request.
  Time since last request: 1.561791 seconds.
  path: Assets/Easy FPS/Model_Animations_Textures/ironSight_addon/Materials
  artifactKey: Guid(fb8fca069b5f94fe8ba708cfdd0e1a04) Importer(815301076,1909f56bfc062723c751e8b465ee728b)
Start importing Assets/Easy FPS/Model_Animations_Textures/ironSight_addon/Materials using Guid(fb8fca069b5f94fe8ba708cfdd0e1a04) Importer(815301076,1909f56bfc062723c751e8b465ee728b) (PreviewImporter) -> (artifact id: 'f50199da45c0d1ec54e9fc10224a7af3') in 0.000703 seconds
Number of updated asset objects reloaded before import = 0Number of asset objects unloaded after import = 0

========================================================================
Received Import Request.
  Time since last request: 0.162592 seconds.
  path: Assets/Easy FPS/Model_Animations_Textures/ironSight_addon/Materials/defaultMat.mat
  artifactKey: Guid(8d62b1b538b2045779d60431588fe5b4) Importer(815301076,1909f56bfc062723c751e8b465ee728b)
Start importing Assets/Easy FPS/Model_Animations_Textures/ironSight_addon/Materials/defaultMat.mat using Guid(8d62b1b538b2045779d60431588fe5b4) Importer(815301076,1909f56bfc062723c751e8b465ee728b) (PreviewImporter) -> (artifact id: '4db1f78cb04bddbdadee047b48f3b10f') in 0.0115274 seconds
Number of updated asset objects reloaded before import = 0Number of asset objects unloaded after import = 5

========================================================================
Received Import Request.
  Time since last request: 5.696518 seconds.
  path: Assets/Easy FPS/Documentation.odt
  artifactKey: Guid(a6b758cc1600b4b4d8af7829b24192ce) Importer(815301076,1909f56bfc062723c751e8b465ee728b)
Start importing Assets/Easy FPS/Documentation.odt using Guid(a6b758cc1600b4b4d8af7829b24192ce) Importer(815301076,1909f56bfc062723c751e8b465ee728b) (PreviewImporter) -> (artifact id: '2e982e09c53e980a71857846d365b4c5') in 0.0115686 seconds
Number of updated asset objects reloaded before import = 0Number of asset objects unloaded after import = 1

========================================================================
Received Prepare
Refreshing native plugins compatible for Editor in 20.38 ms, found 12 plugins.
Preloading 1 native plugins for Editor in 0.07 ms.
Unloading 34 Unused Serialized files (Serialized files now loaded: 0)
Unloading 6936 unused Assets / (6.5 MB). Loaded Objects now: 7953.
Memory consumption went from 167.9 MB to 161.3 MB.
Total: 19.664000 ms (FindLiveObjects: 1.290200 ms CreateObjectMapping: 1.298500 ms MarkObjects: 11.965500 ms  DeleteObjects: 5.108400 ms)

Prepare: number of updated asset objects reloaded= 0
========================================================================
Received Prepare
Begin MonoManager ReloadAssembly
- Loaded All Assemblies, in  1.067 seconds
Refreshing native plugins compatible for Editor in 13.92 ms, found 12 plugins.
Native extension for WindowsStandalone target not found
[Package Manager] Failed to launch server process. Reason: Unity was launched with the -noUpm command-line argument
[Package Manager] Unable to send message (not connected to server process).
[Package Manager] Cannot connect to Unity Package Manager local server
System.NullReferenceException: Object reference not set to an instance of an object
  at UnityEditor.XR.Interaction.Toolkit.Analytics.XRIAnalytics..cctor () [0x00000] in .\Library\PackageCache\com.unity.xr.interaction.toolkit@42ef3600567b\Editor\Analytics\XRIAnalytics.cs:32 
UnityEngine.Debug:ExtractStackTraceNoAlloc (byte*,int,string)
UnityEngine.StackTraceUtility:ExtractStackTrace ()
UnityEngine.DebugLogHandler:Internal_Log (UnityEngine.LogType,UnityEngine.LogOption,string,UnityEngine.Object)
UnityEngine.DebugLogHandler:LogFormat (UnityEngine.LogType,UnityEngine.Object,string,object[])
UnityEngine.Logger:Log (UnityEngine.LogType,object)
UnityEngine.Debug:LogError (object)
UnityEditor.EditorAssemblies:ProcessInitializeOnLoadAttributes (System.Type[])

System.Reflection.TargetInvocationException: Exception has been thrown by the target of an invocation. ---> System.NullReferenceException: Object reference not set to an instance of an object
  at Unity.XR.Oculus.OculusLoader.AssetPathToAbsolutePath (System.String assetPath) [0x0003d] in .\Library\PackageCache\com.unity.xr.oculus@f23ad2c521e1\Runtime\OculusLoader.cs:312 
  at Unity.XR.Oculus.OculusLoader.EditorLoadOVRPlugin () [0x0008c] in .\Library\PackageCache\com.unity.xr.oculus@f23ad2c521e1\Runtime\OculusLoader.cs:297 
  at (wrapper managed-to-native) System.Reflection.RuntimeMethodInfo.InternalInvoke(System.Reflection.RuntimeMethodInfo,object,object[],System.Exception&)
  at System.Reflection.RuntimeMethodInfo.Invoke (System.Object obj, System.Reflection.BindingFlags invokeAttr, System.Reflection.Binder binder, System.Object[] parameters, System.Globalization.CultureInfo culture) [0x0006a] in <13c0c460649d4ce49f991e2c222fa635>:0 
   --- End of inner exception stack trace ---
  at System.Reflection.RuntimeMethodInfo.Invoke (System.Object obj, System.Reflection.BindingFlags invokeAttr, System.Reflection.Binder binder, System.Object[] parameters, System.Globalization.CultureInfo culture) [0x00083] in <13c0c460649d4ce49f991e2c222fa635>:0 
  at System.Reflection.MethodBase.Invoke (System.Object obj, System.Object[] parameters) [0x00000] in <13c0c460649d4ce49f991e2c222fa635>:0 
  at UnityEditor.EditorAssemblies.ProcessInitializeOnLoadMethodAttributes () [0x00056] in <95707308f6f3498991e9df8902fe97ba>:0 
UnityEngine.Debug:ExtractStackTraceNoAlloc (byte*,int,string)
UnityEngine.StackTraceUtility:ExtractStackTrace ()
UnityEngine.DebugLogHandler:Internal_Log (UnityEngine.LogType,UnityEngine.LogOption,string,UnityEngine.Object)
UnityEngine.DebugLogHandler:LogFormat (UnityEngine.LogType,UnityEngine.Object,string,object[])
UnityEngine.Logger:Log (UnityEngine.LogType,object)
UnityEngine.Debug:LogError (object)
UnityEditor.EditorAssemblies:ProcessInitializeOnLoadMethodAttributes ()

Mono: successfully reloaded assembly
[Package Manager] Failed to launch server process. Reason: Unity was launched with the -noUpm command-line argument
[Package Manager] Unable to send message (not connected to server process).
[Package Manager] Cannot connect to Unity Package Manager local server
- Finished resetting the current domain, in  1.301 seconds
Domain Reload Profiling: 2370ms
	BeginReloadAssembly (334ms)
		ExecutionOrderSort (0ms)
		DisableScriptedObjects (23ms)
		BackupInstance (0ms)
		ReleaseScriptingObjects (0ms)
		CreateAndSetChildDomain (75ms)
	RebuildCommonClasses (46ms)
	RebuildNativeTypeToScriptingClass (18ms)
	initialDomainReloadingComplete (40ms)
	LoadAllAssembliesAndSetupDomain (630ms)
		LoadAssemblies (547ms)
		RebuildTransferFunctionScriptingTraits (0ms)
		AnalyzeDomain (272ms)
			TypeCache.Refresh (14ms)
				TypeCache.ScanAssembly (1ms)
			BuildScriptInfoCaches (238ms)
			ResolveRequiredComponents (16ms)
	FinalizeReload (1302ms)
		ReleaseScriptCaches (0ms)
		RebuildScriptCaches (0ms)
		SetupLoadedEditorAssemblies (1030ms)
			LogAssemblyErrors (0ms)
			InitializePlatformSupportModulesInManaged (3ms)
			SetLoadedEditorAssemblies (6ms)
			BeforeProcessingInitializeOnLoad (152ms)
			ProcessInitializeOnLoadAttributes (730ms)
			ProcessInitializeOnLoadMethodAttributes (136ms)
			AfterProcessingInitializeOnLoad (3ms)
			EditorAssembliesLoaded (0ms)
		ExecutionOrderSort2 (0ms)
		AwakeInstancesAfterBackupRestoration (16ms)
Refreshing native plugins compatible for Editor in 18.84 ms, found 12 plugins.
Preloading 1 native plugins for Editor in 0.09 ms.
Unloading 47 Unused Serialized files (Serialized files now loaded: 0)
Unloading 6990 unused Assets / (7.5 MB). Loaded Objects now: 7851.
Memory consumption went from 240.7 MB to 233.2 MB.
Total: 17.657900 ms (FindLiveObjects: 1.491500 ms CreateObjectMapping: 1.632600 ms MarkObjects: 8.721100 ms  DeleteObjects: 5.809500 ms)

Prepare: number of updated asset objects reloaded= 0
========================================================================
Received Prepare
Begin MonoManager ReloadAssembly
Symbol file LoadedFromMemory is not a mono symbol file
- Loaded All Assemblies, in  1.223 seconds
Refreshing native plugins compatible for Editor in 13.34 ms, found 12 plugins.
Native extension for WindowsStandalone target not found
[Package Manager] Failed to launch server process. Reason: Unity was launched with the -noUpm command-line argument
[Package Manager] Unable to send message (not connected to server process).
[Package Manager] Cannot connect to Unity Package Manager local server
System.NullReferenceException: Object reference not set to an instance of an object
  at UnityEditor.XR.Interaction.Toolkit.Analytics.XRIAnalytics..cctor () [0x00000] in .\Library\PackageCache\com.unity.xr.interaction.toolkit@42ef3600567b\Editor\Analytics\XRIAnalytics.cs:32 
UnityEngine.Debug:ExtractStackTraceNoAlloc (byte*,int,string)
UnityEngine.StackTraceUtility:ExtractStackTrace ()
UnityEngine.DebugLogHandler:Internal_Log (UnityEngine.LogType,UnityEngine.LogOption,string,UnityEngine.Object)
UnityEngine.DebugLogHandler:LogFormat (UnityEngine.LogType,UnityEngine.Object,string,object[])
UnityEngine.Logger:Log (UnityEngine.LogType,object)
UnityEngine.Debug:LogError (object)
UnityEditor.EditorAssemblies:ProcessInitializeOnLoadAttributes (System.Type[])

System.Reflection.TargetInvocationException: Exception has been thrown by the target of an invocation. ---> System.NullReferenceException: Object reference not set to an instance of an object
  at Unity.XR.Oculus.OculusLoader.AssetPathToAbsolutePath (System.String assetPath) [0x0003d] in .\Library\PackageCache\com.unity.xr.oculus@f23ad2c521e1\Runtime\OculusLoader.cs:312 
  at Unity.XR.Oculus.OculusLoader.EditorLoadOVRPlugin () [0x0008c] in .\Library\PackageCache\com.unity.xr.oculus@f23ad2c521e1\Runtime\OculusLoader.cs:297 
  at (wrapper managed-to-native) System.Reflection.RuntimeMethodInfo.InternalInvoke(System.Reflection.RuntimeMethodInfo,object,object[],System.Exception&)
  at System.Reflection.RuntimeMethodInfo.Invoke (System.Object obj, System.Reflection.BindingFlags invokeAttr, System.Reflection.Binder binder, System.Object[] parameters, System.Globalization.CultureInfo culture) [0x0006a] in <13c0c460649d4ce49f991e2c222fa635>:0 
   --- End of inner exception stack trace ---
  at System.Reflection.RuntimeMethodInfo.Invoke (System.Object obj, System.Reflection.BindingFlags invokeAttr, System.Reflection.Binder binder, System.Object[] parameters, System.Globalization.CultureInfo culture) [0x00083] in <13c0c460649d4ce49f991e2c222fa635>:0 
  at System.Reflection.MethodBase.Invoke (System.Object obj, System.Object[] parameters) [0x00000] in <13c0c460649d4ce49f991e2c222fa635>:0 
  at UnityEditor.EditorAssemblies.ProcessInitializeOnLoadMethodAttributes () [0x00056] in <95707308f6f3498991e9df8902fe97ba>:0 
UnityEngine.Debug:ExtractStackTraceNoAlloc (byte*,int,string)
UnityEngine.StackTraceUtility:ExtractStackTrace ()
UnityEngine.DebugLogHandler:Internal_Log (UnityEngine.LogType,UnityEngine.LogOption,string,UnityEngine.Object)
UnityEngine.DebugLogHandler:LogFormat (UnityEngine.LogType,UnityEngine.Object,string,object[])
UnityEngine.Logger:Log (UnityEngine.LogType,object)
UnityEngine.Debug:LogError (object)
UnityEditor.EditorAssemblies:ProcessInitializeOnLoadMethodAttributes ()

Mono: successfully reloaded assembly
[Package Manager] Failed to launch server process. Reason: Unity was launched with the -noUpm command-line argument
[Package Manager] Unable to send message (not connected to server process).
[Package Manager] Cannot connect to Unity Package Manager local server
- Finished resetting the current domain, in  1.324 seconds
Domain Reload Profiling: 2546ms
	BeginReloadAssembly (303ms)
		ExecutionOrderSort (0ms)
		DisableScriptedObjects (9ms)
		BackupInstance (0ms)
		ReleaseScriptingObjects (0ms)
		CreateAndSetChildDomain (60ms)
	RebuildCommonClasses (59ms)
	RebuildNativeTypeToScriptingClass (16ms)
	initialDomainReloadingComplete (45ms)
	LoadAllAssembliesAndSetupDomain (799ms)
		LoadAssemblies (547ms)
		RebuildTransferFunctionScriptingTraits (0ms)
		AnalyzeDomain (435ms)
			TypeCache.Refresh (225ms)
				TypeCache.ScanAssembly (205ms)
			BuildScriptInfoCaches (181ms)
			ResolveRequiredComponents (24ms)
	FinalizeReload (1324ms)
		ReleaseScriptCaches (0ms)
		RebuildScriptCaches (0ms)
		SetupLoadedEditorAssemblies (1061ms)
			LogAssemblyErrors (0ms)
			InitializePlatformSupportModulesInManaged (3ms)
			SetLoadedEditorAssemblies (7ms)
			BeforeProcessingInitializeOnLoad (183ms)
			ProcessInitializeOnLoadAttributes (732ms)
			ProcessInitializeOnLoadMethodAttributes (133ms)
			AfterProcessingInitializeOnLoad (3ms)
			EditorAssembliesLoaded (0ms)
		ExecutionOrderSort2 (0ms)
		AwakeInstancesAfterBackupRestoration (16ms)
Refreshing native plugins compatible for Editor in 18.74 ms, found 12 plugins.
Preloading 1 native plugins for Editor in 0.07 ms.
Unloading 48 Unused Serialized files (Serialized files now loaded: 0)
Unloading 7300 unused Assets / (7.7 MB). Loaded Objects now: 8160.
Memory consumption went from 221.4 MB to 213.7 MB.
Total: 17.456100 ms (FindLiveObjects: 1.374500 ms CreateObjectMapping: 1.361700 ms MarkObjects: 8.663200 ms  DeleteObjects: 6.055100 ms)

Prepare: number of updated asset objects reloaded= 0
========================================================================
Received Prepare
Begin MonoManager ReloadAssembly
Symbol file LoadedFromMemory is not a mono symbol file
- Loaded All Assemblies, in  1.127 seconds
Refreshing native plugins compatible for Editor in 13.66 ms, found 12 plugins.
Native extension for WindowsStandalone target not found
[Package Manager] Failed to launch server process. Reason: Unity was launched with the -noUpm command-line argument
[Package Manager] Unable to send message (not connected to server process).
[Package Manager] Cannot connect to Unity Package Manager local server
System.NullReferenceException: Object reference not set to an instance of an object
  at UnityEditor.XR.Interaction.Toolkit.Analytics.XRIAnalytics..cctor () [0x00000] in .\Library\PackageCache\com.unity.xr.interaction.toolkit@42ef3600567b\Editor\Analytics\XRIAnalytics.cs:32 
UnityEngine.Debug:ExtractStackTraceNoAlloc (byte*,int,string)
UnityEngine.StackTraceUtility:ExtractStackTrace ()
UnityEngine.DebugLogHandler:Internal_Log (UnityEngine.LogType,UnityEngine.LogOption,string,UnityEngine.Object)
UnityEngine.DebugLogHandler:LogFormat (UnityEngine.LogType,UnityEngine.Object,string,object[])
UnityEngine.Logger:Log (UnityEngine.LogType,object)
UnityEngine.Debug:LogError (object)
UnityEditor.EditorAssemblies:ProcessInitializeOnLoadAttributes (System.Type[])

System.Reflection.TargetInvocationException: Exception has been thrown by the target of an invocation. ---> System.NullReferenceException: Object reference not set to an instance of an object
  at Unity.XR.Oculus.OculusLoader.AssetPathToAbsolutePath (System.String assetPath) [0x0003d] in .\Library\PackageCache\com.unity.xr.oculus@f23ad2c521e1\Runtime\OculusLoader.cs:312 
  at Unity.XR.Oculus.OculusLoader.EditorLoadOVRPlugin () [0x0008c] in .\Library\PackageCache\com.unity.xr.oculus@f23ad2c521e1\Runtime\OculusLoader.cs:297 
  at (wrapper managed-to-native) System.Reflection.RuntimeMethodInfo.InternalInvoke(System.Reflection.RuntimeMethodInfo,object,object[],System.Exception&)
  at System.Reflection.RuntimeMethodInfo.Invoke (System.Object obj, System.Reflection.BindingFlags invokeAttr, System.Reflection.Binder binder, System.Object[] parameters, System.Globalization.CultureInfo culture) [0x0006a] in <13c0c460649d4ce49f991e2c222fa635>:0 
   --- End of inner exception stack trace ---
  at System.Reflection.RuntimeMethodInfo.Invoke (System.Object obj, System.Reflection.BindingFlags invokeAttr, System.Reflection.Binder binder, System.Object[] parameters, System.Globalization.CultureInfo culture) [0x00083] in <13c0c460649d4ce49f991e2c222fa635>:0 
  at System.Reflection.MethodBase.Invoke (System.Object obj, System.Object[] parameters) [0x00000] in <13c0c460649d4ce49f991e2c222fa635>:0 
  at UnityEditor.EditorAssemblies.ProcessInitializeOnLoadMethodAttributes () [0x00056] in <95707308f6f3498991e9df8902fe97ba>:0 
UnityEngine.Debug:ExtractStackTraceNoAlloc (byte*,int,string)
UnityEngine.StackTraceUtility:ExtractStackTrace ()
UnityEngine.DebugLogHandler:Internal_Log (UnityEngine.LogType,UnityEngine.LogOption,string,UnityEngine.Object)
UnityEngine.DebugLogHandler:LogFormat (UnityEngine.LogType,UnityEngine.Object,string,object[])
UnityEngine.Logger:Log (UnityEngine.LogType,object)
UnityEngine.Debug:LogError (object)
UnityEditor.EditorAssemblies:ProcessInitializeOnLoadMethodAttributes ()

Mono: successfully reloaded assembly
[Package Manager] Failed to launch server process. Reason: Unity was launched with the -noUpm command-line argument
[Package Manager] Unable to send message (not connected to server process).
[Package Manager] Cannot connect to Unity Package Manager local server
- Finished resetting the current domain, in  1.323 seconds
Domain Reload Profiling: 2451ms
	BeginReloadAssembly (315ms)
		ExecutionOrderSort (0ms)
		DisableScriptedObjects (9ms)
		BackupInstance (0ms)
		ReleaseScriptingObjects (0ms)
		CreateAndSetChildDomain (70ms)
	RebuildCommonClasses (53ms)
	RebuildNativeTypeToScriptingClass (17ms)
	initialDomainReloadingComplete (33ms)
	LoadAllAssembliesAndSetupDomain (710ms)
		LoadAssemblies (549ms)
		RebuildTransferFunctionScriptingTraits (0ms)
		AnalyzeDomain (332ms)
			TypeCache.Refresh (11ms)
				TypeCache.ScanAssembly (0ms)
			BuildScriptInfoCaches (300ms)
			ResolveRequiredComponents (17ms)
	FinalizeReload (1323ms)
		ReleaseScriptCaches (0ms)
		RebuildScriptCaches (0ms)
		SetupLoadedEditorAssemblies (1052ms)
			LogAssemblyErrors (0ms)
			InitializePlatformSupportModulesInManaged (2ms)
			SetLoadedEditorAssemblies (5ms)
			BeforeProcessingInitializeOnLoad (166ms)
			ProcessInitializeOnLoadAttributes (723ms)
			ProcessInitializeOnLoadMethodAttributes (152ms)
			AfterProcessingInitializeOnLoad (3ms)
			EditorAssembliesLoaded (0ms)
		ExecutionOrderSort2 (0ms)
		AwakeInstancesAfterBackupRestoration (17ms)
Refreshing native plugins compatible for Editor in 18.75 ms, found 12 plugins.
Preloading 1 native plugins for Editor in 0.07 ms.
Unloading 48 Unused Serialized files (Serialized files now loaded: 0)
Unloading 7300 unused Assets / (7.5 MB). Loaded Objects now: 8163.
Memory consumption went from 221.5 MB to 214.0 MB.
Total: 17.565000 ms (FindLiveObjects: 1.391400 ms CreateObjectMapping: 1.488700 ms MarkObjects: 8.702200 ms  DeleteObjects: 5.980900 ms)

Prepare: number of updated asset objects reloaded= 0
========================================================================
Received Prepare
Begin MonoManager ReloadAssembly
Symbol file LoadedFromMemory is not a mono symbol file
- Loaded All Assemblies, in  1.170 seconds
Refreshing native plugins compatible for Editor in 13.11 ms, found 12 plugins.
Native extension for WindowsStandalone target not found
[Package Manager] Failed to launch server process. Reason: Unity was launched with the -noUpm command-line argument
[Package Manager] Unable to send message (not connected to server process).
[Package Manager] Cannot connect to Unity Package Manager local server
System.NullReferenceException: Object reference not set to an instance of an object
  at UnityEditor.XR.Interaction.Toolkit.Analytics.XRIAnalytics..cctor () [0x00000] in .\Library\PackageCache\com.unity.xr.interaction.toolkit@42ef3600567b\Editor\Analytics\XRIAnalytics.cs:32 
UnityEngine.Debug:ExtractStackTraceNoAlloc (byte*,int,string)
UnityEngine.StackTraceUtility:ExtractStackTrace ()
UnityEngine.DebugLogHandler:Internal_Log (UnityEngine.LogType,UnityEngine.LogOption,string,UnityEngine.Object)
UnityEngine.DebugLogHandler:LogFormat (UnityEngine.LogType,UnityEngine.Object,string,object[])
UnityEngine.Logger:Log (UnityEngine.LogType,object)
UnityEngine.Debug:LogError (object)
UnityEditor.EditorAssemblies:ProcessInitializeOnLoadAttributes (System.Type[])

System.Reflection.TargetInvocationException: Exception has been thrown by the target of an invocation. ---> System.NullReferenceException: Object reference not set to an instance of an object
  at Unity.XR.Oculus.OculusLoader.AssetPathToAbsolutePath (System.String assetPath) [0x0003d] in .\Library\PackageCache\com.unity.xr.oculus@f23ad2c521e1\Runtime\OculusLoader.cs:312 
  at Unity.XR.Oculus.OculusLoader.EditorLoadOVRPlugin () [0x0008c] in .\Library\PackageCache\com.unity.xr.oculus@f23ad2c521e1\Runtime\OculusLoader.cs:297 
  at (wrapper managed-to-native) System.Reflection.RuntimeMethodInfo.InternalInvoke(System.Reflection.RuntimeMethodInfo,object,object[],System.Exception&)
  at System.Reflection.RuntimeMethodInfo.Invoke (System.Object obj, System.Reflection.BindingFlags invokeAttr, System.Reflection.Binder binder, System.Object[] parameters, System.Globalization.CultureInfo culture) [0x0006a] in <13c0c460649d4ce49f991e2c222fa635>:0 
   --- End of inner exception stack trace ---
  at System.Reflection.RuntimeMethodInfo.Invoke (System.Object obj, System.Reflection.BindingFlags invokeAttr, System.Reflection.Binder binder, System.Object[] parameters, System.Globalization.CultureInfo culture) [0x00083] in <13c0c460649d4ce49f991e2c222fa635>:0 
  at System.Reflection.MethodBase.Invoke (System.Object obj, System.Object[] parameters) [0x00000] in <13c0c460649d4ce49f991e2c222fa635>:0 
  at UnityEditor.EditorAssemblies.ProcessInitializeOnLoadMethodAttributes () [0x00056] in <95707308f6f3498991e9df8902fe97ba>:0 
UnityEngine.Debug:ExtractStackTraceNoAlloc (byte*,int,string)
UnityEngine.StackTraceUtility:ExtractStackTrace ()
UnityEngine.DebugLogHandler:Internal_Log (UnityEngine.LogType,UnityEngine.LogOption,string,UnityEngine.Object)
UnityEngine.DebugLogHandler:LogFormat (UnityEngine.LogType,UnityEngine.Object,string,object[])
UnityEngine.Logger:Log (UnityEngine.LogType,object)
UnityEngine.Debug:LogError (object)
UnityEditor.EditorAssemblies:ProcessInitializeOnLoadMethodAttributes ()

Mono: successfully reloaded assembly
[Package Manager] Failed to launch server process. Reason: Unity was launched with the -noUpm command-line argument
[Package Manager] Unable to send message (not connected to server process).
[Package Manager] Cannot connect to Unity Package Manager local server
- Finished resetting the current domain, in  1.378 seconds
Domain Reload Profiling: 2550ms
	BeginReloadAssembly (303ms)
		ExecutionOrderSort (0ms)
		DisableScriptedObjects (7ms)
		BackupInstance (0ms)
		ReleaseScriptingObjects (0ms)
		CreateAndSetChildDomain (60ms)
	RebuildCommonClasses (45ms)
	RebuildNativeTypeToScriptingClass (27ms)
	initialDomainReloadingComplete (31ms)
	LoadAllAssembliesAndSetupDomain (765ms)
		LoadAssemblies (620ms)
		RebuildTransferFunctionScriptingTraits (0ms)
		AnalyzeDomain (331ms)
			TypeCache.Refresh (17ms)
				TypeCache.ScanAssembly (5ms)
			BuildScriptInfoCaches (286ms)
			ResolveRequiredComponents (24ms)
	FinalizeReload (1379ms)
		ReleaseScriptCaches (0ms)
		RebuildScriptCaches (0ms)
		SetupLoadedEditorAssemblies (1095ms)
			LogAssemblyErrors (0ms)
			InitializePlatformSupportModulesInManaged (3ms)
			SetLoadedEditorAssemblies (6ms)
			BeforeProcessingInitializeOnLoad (173ms)
			ProcessInitializeOnLoadAttributes (753ms)
			ProcessInitializeOnLoadMethodAttributes (156ms)
			AfterProcessingInitializeOnLoad (3ms)
			EditorAssembliesLoaded (0ms)
		ExecutionOrderSort2 (0ms)
		AwakeInstancesAfterBackupRestoration (18ms)
Refreshing native plugins compatible for Editor in 20.68 ms, found 12 plugins.
Preloading 1 native plugins for Editor in 0.07 ms.
Unloading 51 Unused Serialized files (Serialized files now loaded: 0)
Unloading 7448 unused Assets / (8.0 MB). Loaded Objects now: 8311.
Memory consumption went from 225.8 MB to 217.8 MB.
Total: 21.384800 ms (FindLiveObjects: 1.374600 ms CreateObjectMapping: 1.393400 ms MarkObjects: 9.765200 ms  DeleteObjects: 8.850200 ms)

Prepare: number of updated asset objects reloaded= 17
========================================================================
Received Import Request.
  Time since last request: 590.446460 seconds.
  path: Assets/XRI Starter Kit/MikeNspiredXRIStarterKitr.Runtime.asmdef
  artifactKey: Guid(82b6b72b32ae4e941a293b51234dd1cd) Importer(815301076,1909f56bfc062723c751e8b465ee728b)
Start importing Assets/XRI Starter Kit/MikeNspiredXRIStarterKitr.Runtime.asmdef using Guid(82b6b72b32ae4e941a293b51234dd1cd) Importer(815301076,1909f56bfc062723c751e8b465ee728b) (PreviewImporter) -> (artifact id: '2478850018476235dc02a8eca59c4473') in 0.0207392 seconds
Number of updated asset objects reloaded before import = 0Number of asset objects unloaded after import = 0

========================================================================
Received Import Request.
  Time since last request: 2.596586 seconds.
  path: Assets/XRI Starter Kit/Assets
  artifactKey: Guid(3f17aa47905223d4d99264c61c1dad96) Importer(815301076,1909f56bfc062723c751e8b465ee728b)
Start importing Assets/XRI Starter Kit/Assets using Guid(3f17aa47905223d4d99264c61c1dad96) Importer(815301076,1909f56bfc062723c751e8b465ee728b) (PreviewImporter) -> (artifact id: '7810a4a53df475b235c852d0e703a859') in 0.0005327 seconds
Number of updated asset objects reloaded before import = 0Number of asset objects unloaded after import = 0

========================================================================
Received Import Request.
  Time since last request: 0.013642 seconds.
  path: Assets/XRI Starter Kit/Assets/Complete XR Origin Set Up.prefab
  artifactKey: Guid(31324bb751cdf8946ad9f5f04221b57f) Importer(815301076,1909f56bfc062723c751e8b465ee728b)
Start importing Assets/XRI Starter Kit/Assets/Complete XR Origin Set Up.prefab using Guid(31324bb751cdf8946ad9f5f04221b57f) Importer(815301076,1909f56bfc062723c751e8b465ee728b) (PreviewImporter) -> (artifact id: 'b32b7bc9a86d4e081f818a4954f5672e') in 9.7272405 seconds
Number of updated asset objects reloaded before import = 0Number of asset objects unloaded after import = 4874

========================================================================
Received Import Request.
  Time since last request: 3.336449 seconds.
  path: Assets/XRI Starter Kit/Hands & Poses/Robot Hand
  artifactKey: Guid(f36dfaedde02c104cba13840e9250c50) Importer(815301076,1909f56bfc062723c751e8b465ee728b)
Start importing Assets/XRI Starter Kit/Hands & Poses/Robot Hand using Guid(f36dfaedde02c104cba13840e9250c50) Importer(815301076,1909f56bfc062723c751e8b465ee728b) (PreviewImporter) -> (artifact id: '55c75680b1bd27c33e819a2ae0701121') in 0.0008193 seconds
Number of updated asset objects reloaded before import = 0Number of asset objects unloaded after import = 0

========================================================================
Received Import Request.
  Time since last request: 0.138407 seconds.
  path: Assets/XRI Starter Kit/Hands & Poses/Robot Hand/LeftHand_Robot.prefab
  artifactKey: Guid(59feb73c4d89d7144ae43c83a2f3dacf) Importer(815301076,1909f56bfc062723c751e8b465ee728b)
Start importing Assets/XRI Starter Kit/Hands & Poses/Robot Hand/LeftHand_Robot.prefab using Guid(59feb73c4d89d7144ae43c83a2f3dacf) Importer(815301076,1909f56bfc062723c751e8b465ee728b) (PreviewImporter) -> (artifact id: '61959344ea1b4cde1c9556be85529ff6') in 0.032266 seconds
Number of updated asset objects reloaded before import = 0Number of asset objects unloaded after import = 202

========================================================================
Received Import Request.
  Time since last request: 1.480284 seconds.
  path: Assets/XRI Starter Kit/Resources/DefaultVolumeProfile.asset
  artifactKey: Guid(b6d8050cecbe75e4c8b3445d5ccd33ff) Importer(815301076,1909f56bfc062723c751e8b465ee728b)
Start importing Assets/XRI Starter Kit/Resources/DefaultVolumeProfile.asset using Guid(b6d8050cecbe75e4c8b3445d5ccd33ff) Importer(815301076,1909f56bfc062723c751e8b465ee728b) (PreviewImporter) -> (artifact id: 'b8caa2f4925a031e37597bcd051085e6') in 0.0050873 seconds
Number of updated asset objects reloaded before import = 0Number of asset objects unloaded after import = 20

========================================================================
Received Import Request.
  Time since last request: 0.000020 seconds.
  path: Assets/XRI Starter Kit/Resources/UniversalRenderPipelineGlobalSettings.asset
  artifactKey: Guid(7dbf01e30684b224ca6fc04b3cab3e7e) Importer(815301076,1909f56bfc062723c751e8b465ee728b)
Start importing Assets/XRI Starter Kit/Resources/UniversalRenderPipelineGlobalSettings.asset using Guid(7dbf01e30684b224ca6fc04b3cab3e7e) Importer(815301076,1909f56bfc062723c751e8b465ee728b) (PreviewImporter) -> (artifact id: '584e909b3c2fa8c275c9e4bd3307b792') in 0.0058481 seconds
Number of updated asset objects reloaded before import = 0Number of asset objects unloaded after import = 21

========================================================================
Received Import Request.
  Time since last request: 0.000033 seconds.
  path: Assets/XRI Starter Kit/Resources/HandPoserSettings.asset
  artifactKey: Guid(6701e61702612e4419ebcd7883afb024) Importer(815301076,1909f56bfc062723c751e8b465ee728b)
Start importing Assets/XRI Starter Kit/Resources/HandPoserSettings.asset using Guid(6701e61702612e4419ebcd7883afb024) Importer(815301076,1909f56bfc062723c751e8b465ee728b) (PreviewImporter) -> (artifact id: '0b30060341881abedaa5d0c190ccd1a6') in 0.0120596 seconds
Number of updated asset objects reloaded before import = 0Number of asset objects unloaded after import = 205

========================================================================
Received Import Request.
  Time since last request: 1.157318 seconds.
  path: Assets/XRI Starter Kit/XR/XRGeneralSettingsPerBuildTarget.asset
  artifactKey: Guid(ae8b4c784d29d56478d6352aa8421fd2) Importer(815301076,1909f56bfc062723c751e8b465ee728b)
Start importing Assets/XRI Starter Kit/XR/XRGeneralSettingsPerBuildTarget.asset using Guid(ae8b4c784d29d56478d6352aa8421fd2) Importer(815301076,1909f56bfc062723c751e8b465ee728b) (PreviewImporter) -> (artifact id: '3b25d14952604767886f6c48a446ad07') in 0.0460044 seconds
Number of updated asset objects reloaded before import = 0Number of asset objects unloaded after import = 10

========================================================================
Received Import Request.
  Time since last request: 2.025189 seconds.
  path: Assets/XRI Starter Kit/XRI Starter Kit Lighting/LightingData.asset
  artifactKey: Guid(ac3261b8893833046aceff0947f03be6) Importer(815301076,1909f56bfc062723c751e8b465ee728b)
Start importing Assets/XRI Starter Kit/XRI Starter Kit Lighting/LightingData.asset using Guid(ac3261b8893833046aceff0947f03be6) Importer(815301076,1909f56bfc062723c751e8b465ee728b) (PreviewImporter) -> (artifact id: '3c9bbe613e74036cfc435a04848222a5') in 0.0767695 seconds
Number of updated asset objects reloaded before import = 0Number of asset objects unloaded after import = 2

========================================================================
Received Import Request.
  Time since last request: 0.000028 seconds.
  path: Assets/XRI Starter Kit/XRI Starter Kit Lighting/Lightmap-4_comp_dir.png
  artifactKey: Guid(f8f5d16b0de56b24886262601b4abae4) Importer(815301076,1909f56bfc062723c751e8b465ee728b)
Start importing Assets/XRI Starter Kit/XRI Starter Kit Lighting/Lightmap-4_comp_dir.png using Guid(f8f5d16b0de56b24886262601b4abae4) Importer(815301076,1909f56bfc062723c751e8b465ee728b) (PreviewImporter) -> (artifact id: 'f16518dffe688b087686c9a793e18a09') in 0.0161363 seconds
Number of updated asset objects reloaded before import = 0Number of asset objects unloaded after import = 2

========================================================================
Received Import Request.
  Time since last request: 0.000021 seconds.
  path: Assets/XRI Starter Kit/XRI Starter Kit Lighting/Lightmap-4_comp_light.exr
  artifactKey: Guid(5e5b6d6b86f4d9045a4c8999c31c719e) Importer(815301076,1909f56bfc062723c751e8b465ee728b)
Start importing Assets/XRI Starter Kit/XRI Starter Kit Lighting/Lightmap-4_comp_light.exr using Guid(5e5b6d6b86f4d9045a4c8999c31c719e) Importer(815301076,1909f56bfc062723c751e8b465ee728b) (PreviewImporter) -> (artifact id: '643bafff48355c886669a5652c257d47') in 0.0275541 seconds
Number of updated asset objects reloaded before import = 0Number of asset objects unloaded after import = 2

========================================================================
Received Import Request.
  Time since last request: 0.000030 seconds.
  path: Assets/XRI Starter Kit/XRI Starter Kit Lighting/Lightmap-5_comp_dir.png
  artifactKey: Guid(c8bdb84957e9dac4ea6b978297c71390) Importer(815301076,1909f56bfc062723c751e8b465ee728b)
Start importing Assets/XRI Starter Kit/XRI Starter Kit Lighting/Lightmap-5_comp_dir.png using Guid(c8bdb84957e9dac4ea6b978297c71390) Importer(815301076,1909f56bfc062723c751e8b465ee728b) (PreviewImporter) -> (artifact id: '6f9611c32dc2b003fbf6c93122a76a56') in 0.0213939 seconds
Number of updated asset objects reloaded before import = 0Number of asset objects unloaded after import = 2

========================================================================
Received Import Request.
  Time since last request: 0.000029 seconds.
  path: Assets/XRI Starter Kit/XRI Starter Kit Lighting/Lightmap-2_comp_light.exr
  artifactKey: Guid(975546eadf7e94d40b9921b31aa72a5e) Importer(815301076,1909f56bfc062723c751e8b465ee728b)
Start importing Assets/XRI Starter Kit/XRI Starter Kit Lighting/Lightmap-2_comp_light.exr using Guid(975546eadf7e94d40b9921b31aa72a5e) Importer(815301076,1909f56bfc062723c751e8b465ee728b) (PreviewImporter) -> (artifact id: '3f2db5e337580030eb1d4ddd5c14c0ed') in 0.0080658 seconds
Number of updated asset objects reloaded before import = 0Number of asset objects unloaded after import = 2

========================================================================
Received Import Request.
  Time since last request: 0.000021 seconds.
  path: Assets/XRI Starter Kit/XRI Starter Kit Lighting/Lightmap-1_comp_light.exr
  artifactKey: Guid(4aa5a16c8d9f00542a0c9a1439971db8) Importer(815301076,1909f56bfc062723c751e8b465ee728b)
Start importing Assets/XRI Starter Kit/XRI Starter Kit Lighting/Lightmap-1_comp_light.exr using Guid(4aa5a16c8d9f00542a0c9a1439971db8) Importer(815301076,1909f56bfc062723c751e8b465ee728b) (PreviewImporter) -> (artifact id: 'f557b4158018a1ea1e41f7b37a1ac1ec') in 0.0087157 seconds
Number of updated asset objects reloaded before import = 0Number of asset objects unloaded after import = 2

========================================================================
Received Import Request.
  Time since last request: 0.000026 seconds.
  path: Assets/XRI Starter Kit/XRI Starter Kit Lighting/Lightmap-0_comp_dir.png
  artifactKey: Guid(e90bc2355b6fb534486958affc3c653b) Importer(815301076,1909f56bfc062723c751e8b465ee728b)
Start importing Assets/XRI Starter Kit/XRI Starter Kit Lighting/Lightmap-0_comp_dir.png using Guid(e90bc2355b6fb534486958affc3c653b) Importer(815301076,1909f56bfc062723c751e8b465ee728b) (PreviewImporter) -> (artifact id: '9fb3060f7bb4a02651492fde35b1951c') in 0.008154 seconds
Number of updated asset objects reloaded before import = 0Number of asset objects unloaded after import = 2

========================================================================
Received Import Request.
  Time since last request: 0.000028 seconds.
  path: Assets/XRI Starter Kit/XRI Starter Kit Lighting/Lightmap-0_comp_light.exr
  artifactKey: Guid(a8adaf5b76ea7e646ada6e58f86eba9c) Importer(815301076,1909f56bfc062723c751e8b465ee728b)
Start importing Assets/XRI Starter Kit/XRI Starter Kit Lighting/Lightmap-0_comp_light.exr using Guid(a8adaf5b76ea7e646ada6e58f86eba9c) Importer(815301076,1909f56bfc062723c751e8b465ee728b) (PreviewImporter) -> (artifact id: 'd07b436e2d0a0cdcf181aa340df2130e') in 0.007455 seconds
Number of updated asset objects reloaded before import = 0Number of asset objects unloaded after import = 2

========================================================================
Received Import Request.
  Time since last request: 0.000024 seconds.
  path: Assets/XRI Starter Kit/XRI Starter Kit Lighting/Lightmap-3_comp_light.exr
  artifactKey: Guid(02d55193f7a962b44adeb4bd554280f3) Importer(815301076,1909f56bfc062723c751e8b465ee728b)
Start importing Assets/XRI Starter Kit/XRI Starter Kit Lighting/Lightmap-3_comp_light.exr using Guid(02d55193f7a962b44adeb4bd554280f3) Importer(815301076,1909f56bfc062723c751e8b465ee728b) (PreviewImporter) -> (artifact id: 'da5b0d94a17c6709837ac848cc653ef5') in 0.0100522 seconds
Number of updated asset objects reloaded before import = 0Number of asset objects unloaded after import = 2

========================================================================
Received Import Request.
  Time since last request: 0.000031 seconds.
  path: Assets/XRI Starter Kit/XRI Starter Kit Lighting/Lightmap-3_comp_dir.png
  artifactKey: Guid(33392722f9e5dfe4aba4d7fcd5f61da2) Importer(815301076,1909f56bfc062723c751e8b465ee728b)
Start importing Assets/XRI Starter Kit/XRI Starter Kit Lighting/Lightmap-3_comp_dir.png using Guid(33392722f9e5dfe4aba4d7fcd5f61da2) Importer(815301076,1909f56bfc062723c751e8b465ee728b) (PreviewImporter) -> (artifact id: '57363aad6357e1a2c4ae3473f672b85d') in 0.0088613 seconds
Number of updated asset objects reloaded before import = 0Number of asset objects unloaded after import = 2

========================================================================
Received Import Request.
  Time since last request: 0.000021 seconds.
  path: Assets/XRI Starter Kit/XRI Starter Kit Lighting/Lightmap-1_comp_dir.png
  artifactKey: Guid(cc49389dec339b24e8aec6a59eb932f1) Importer(815301076,1909f56bfc062723c751e8b465ee728b)
Start importing Assets/XRI Starter Kit/XRI Starter Kit Lighting/Lightmap-1_comp_dir.png using Guid(cc49389dec339b24e8aec6a59eb932f1) Importer(815301076,1909f56bfc062723c751e8b465ee728b) (PreviewImporter) -> (artifact id: 'a18253b7c8a5f02813dd1f96214850f1') in 0.0080658 seconds
Number of updated asset objects reloaded before import = 0Number of asset objects unloaded after import = 2

========================================================================
Received Import Request.
  Time since last request: 0.000029 seconds.
  path: Assets/XRI Starter Kit/XRI Starter Kit Lighting/Lightmap-2_comp_dir.png
  artifactKey: Guid(696a9f3604cf91648ac6a2cafd9e9e69) Importer(815301076,1909f56bfc062723c751e8b465ee728b)
Start importing Assets/XRI Starter Kit/XRI Starter Kit Lighting/Lightmap-2_comp_dir.png using Guid(696a9f3604cf91648ac6a2cafd9e9e69) Importer(815301076,1909f56bfc062723c751e8b465ee728b) (PreviewImporter) -> (artifact id: 'a416773f9eb4aab81163a0085e9dbdb5') in 0.008045 seconds
Number of updated asset objects reloaded before import = 0Number of asset objects unloaded after import = 2

========================================================================
Received Import Request.
  Time since last request: 0.479315 seconds.
  path: Assets/XRI Starter Kit/XRI Starter Kit Lighting/Lightmap-5_comp_light.exr
  artifactKey: Guid(8b367bb3dfa9fef4da23bcc678b8a046) Importer(815301076,1909f56bfc062723c751e8b465ee728b)
Start importing Assets/XRI Starter Kit/XRI Starter Kit Lighting/Lightmap-5_comp_light.exr using Guid(8b367bb3dfa9fef4da23bcc678b8a046) Importer(815301076,1909f56bfc062723c751e8b465ee728b) (PreviewImporter) -> (artifact id: '2fbda340ea3b251893f400ec53d1b4f4') in 0.0093655 seconds
Number of updated asset objects reloaded before import = 0Number of asset objects unloaded after import = 2

========================================================================
Received Import Request.
  Time since last request: 0.000030 seconds.
  path: Assets/XRI Starter Kit/XRI Starter Kit Lighting/Lightmap-6_comp_dir.png
  artifactKey: Guid(7654cc963322e3d4dbba0677e58f6c74) Importer(815301076,1909f56bfc062723c751e8b465ee728b)
Start importing Assets/XRI Starter Kit/XRI Starter Kit Lighting/Lightmap-6_comp_dir.png using Guid(7654cc963322e3d4dbba0677e58f6c74) Importer(815301076,1909f56bfc062723c751e8b465ee728b) (PreviewImporter) -> (artifact id: 'c1c18df6257690fe3ec67d2c969eb207') in 0.0094107 seconds
Number of updated asset objects reloaded before import = 0Number of asset objects unloaded after import = 2

========================================================================
Received Import Request.
  Time since last request: 0.000039 seconds.
  path: Assets/XRI Starter Kit/XRI Starter Kit Lighting/Lightmap-7_comp_dir.png
  artifactKey: Guid(2470f6af136b6a045af9c14b43ba38c7) Importer(815301076,1909f56bfc062723c751e8b465ee728b)
Start importing Assets/XRI Starter Kit/XRI Starter Kit Lighting/Lightmap-7_comp_dir.png using Guid(2470f6af136b6a045af9c14b43ba38c7) Importer(815301076,1909f56bfc062723c751e8b465ee728b) (PreviewImporter) -> (artifact id: '99a9ae08cb32def897cbf474e3f166c1') in 0.0081131 seconds
Number of updated asset objects reloaded before import = 0Number of asset objects unloaded after import = 2

========================================================================
Received Import Request.
  Time since last request: 0.000027 seconds.
  path: Assets/XRI Starter Kit/XRI Starter Kit Lighting/Lightmap-6_comp_light.exr
  artifactKey: Guid(1a24395e040dffb4da7dab7814e30aaf) Importer(815301076,1909f56bfc062723c751e8b465ee728b)
Start importing Assets/XRI Starter Kit/XRI Starter Kit Lighting/Lightmap-6_comp_light.exr using Guid(1a24395e040dffb4da7dab7814e30aaf) Importer(815301076,1909f56bfc062723c751e8b465ee728b) (PreviewImporter) -> (artifact id: '292509b6b6ed1c0ed2f0ad7070b5d2c2') in 0.0085816 seconds
Number of updated asset objects reloaded before import = 0Number of asset objects unloaded after import = 2

========================================================================
Received Import Request.
  Time since last request: 0.000026 seconds.
  path: Assets/XRI Starter Kit/XRI Starter Kit Lighting/Lightmap-7_comp_light.exr
  artifactKey: Guid(12a0969e30cef6549a940f3b352edd68) Importer(815301076,1909f56bfc062723c751e8b465ee728b)
Start importing Assets/XRI Starter Kit/XRI Starter Kit Lighting/Lightmap-7_comp_light.exr using Guid(12a0969e30cef6549a940f3b352edd68) Importer(815301076,1909f56bfc062723c751e8b465ee728b) (PreviewImporter) -> (artifact id: 'c893d917c1cf3193bbb819f88b52df06') in 0.0075499 seconds
Number of updated asset objects reloaded before import = 0Number of asset objects unloaded after import = 2

========================================================================
Received Import Request.
  Time since last request: 0.000030 seconds.
  path: Assets/XRI Starter Kit/XRI Starter Kit Lighting/ReflectionProbe-0.exr
  artifactKey: Guid(eb90f3b8abcb0c24a9ee2a003057dedf) Importer(815301076,1909f56bfc062723c751e8b465ee728b)
Start importing Assets/XRI Starter Kit/XRI Starter Kit Lighting/ReflectionProbe-0.exr using Guid(eb90f3b8abcb0c24a9ee2a003057dedf) Importer(815301076,1909f56bfc062723c751e8b465ee728b) (PreviewImporter) -> (artifact id: 'da43a015f15a4c61489c61cce6edf6ca') in 0.0419665 seconds
Number of updated asset objects reloaded before import = 0Number of asset objects unloaded after import = 1

========================================================================
Received Import Request.
  Time since last request: 0.000030 seconds.
  path: Assets/XRI Starter Kit/XRI Starter Kit Lighting/ReflectionProbe-1.exr
  artifactKey: Guid(138dc468d66ef6b4ebcc026a88c7f1dc) Importer(815301076,1909f56bfc062723c751e8b465ee728b)
Start importing Assets/XRI Starter Kit/XRI Starter Kit Lighting/ReflectionProbe-1.exr using Guid(138dc468d66ef6b4ebcc026a88c7f1dc) Importer(815301076,1909f56bfc062723c751e8b465ee728b) (PreviewImporter) -> (artifact id: '04c771a7c3837f4f35a425d1e49636de') in 0.0134029 seconds
Number of updated asset objects reloaded before import = 0Number of asset objects unloaded after import = 1

========================================================================
Received Import Request.
  Time since last request: 36.737886 seconds.
  path: Assets/XRI Starter Kit/Hands & Poses/Robot Hand/Material
  artifactKey: Guid(8587479259157954dacf2864002ec77b) Importer(815301076,1909f56bfc062723c751e8b465ee728b)
Start importing Assets/XRI Starter Kit/Hands & Poses/Robot Hand/Material using Guid(8587479259157954dacf2864002ec77b) Importer(815301076,1909f56bfc062723c751e8b465ee728b) (PreviewImporter) -> (artifact id: '2f18c66f94081084daa93073a43b488a') in 0.0005587 seconds
Number of updated asset objects reloaded before import = 0Number of asset objects unloaded after import = 0

========================================================================
Received Import Request.
  Time since last request: 0.284885 seconds.
  path: Assets/XRI Starter Kit/Hands & Poses/Robot Hand/Material/RobotHand.mat
  artifactKey: Guid(4e06fdc106e2eef4faa4cc5e7c9f0154) Importer(815301076,1909f56bfc062723c751e8b465ee728b)
Start importing Assets/XRI Starter Kit/Hands & Poses/Robot Hand/Material/RobotHand.mat using Guid(4e06fdc106e2eef4faa4cc5e7c9f0154) Importer(815301076,1909f56bfc062723c751e8b465ee728b) (PreviewImporter) -> (artifact id: '0a2da3dcd4fd6688b2358d4c03a8cbba') in 0.0403032 seconds
Number of updated asset objects reloaded before import = 0Number of asset objects unloaded after import = 4

========================================================================
Received Import Request.
  Time since last request: 0.000020 seconds.
  path: Assets/XRI Starter Kit/Hands & Poses/Robot Hand/Material/RobotHand_albedo Red.png
  artifactKey: Guid(23829bbf0f96b9a47aad87191fa57a6c) Importer(815301076,1909f56bfc062723c751e8b465ee728b)
Start importing Assets/XRI Starter Kit/Hands & Poses/Robot Hand/Material/RobotHand_albedo Red.png using Guid(23829bbf0f96b9a47aad87191fa57a6c) Importer(815301076,1909f56bfc062723c751e8b465ee728b) (PreviewImporter) -> (artifact id: '521a3fb32b32288fa672fe1a113ec128') in 0.0113609 seconds
Number of updated asset objects reloaded before import = 0Number of asset objects unloaded after import = 2

========================================================================
Received Import Request.
  Time since last request: 0.000023 seconds.
  path: Assets/XRI Starter Kit/Hands & Poses/Robot Hand/Material/RobotHand_albedo.png
  artifactKey: Guid(7b817a4f4948b7f4e8aac293ca4949aa) Importer(815301076,1909f56bfc062723c751e8b465ee728b)
Start importing Assets/XRI Starter Kit/Hands & Poses/Robot Hand/Material/RobotHand_albedo.png using Guid(7b817a4f4948b7f4e8aac293ca4949aa) Importer(815301076,1909f56bfc062723c751e8b465ee728b) (PreviewImporter) -> (artifact id: '5615308e3978e22f72ed04b6660f1cec') in 0.0204292 seconds
Number of updated asset objects reloaded before import = 0Number of asset objects unloaded after import = 2

========================================================================
Received Import Request.
  Time since last request: 1.110822 seconds.
  path: Assets/XRI Starter Kit/Hands & Poses/Robot Hand/Model/RobotHand.fbx
  artifactKey: Guid(9c6b409fd6daff445b172012068597e1) Importer(815301076,1909f56bfc062723c751e8b465ee728b)
Start importing Assets/XRI Starter Kit/Hands & Poses/Robot Hand/Model/RobotHand.fbx using Guid(9c6b409fd6daff445b172012068597e1) Importer(815301076,1909f56bfc062723c751e8b465ee728b) (PreviewImporter) -> (artifact id: 'a838bf54e19d37103196beed48a88618') in 0.0707737 seconds
Number of updated asset objects reloaded before import = 0Number of asset objects unloaded after import = 49

========================================================================
Received Import Request.
  Time since last request: 0.448271 seconds.
  path: Assets/XRI Starter Kit/Hands & Poses/Robot Hand/Poses/Pose_ArrowGrab.asset
  artifactKey: Guid(8469e339b98b6ac4d93c6bd86cbd21c0) Importer(815301076,1909f56bfc062723c751e8b465ee728b)
Start importing Assets/XRI Starter Kit/Hands & Poses/Robot Hand/Poses/Pose_ArrowGrab.asset using Guid(8469e339b98b6ac4d93c6bd86cbd21c0) Importer(815301076,1909f56bfc062723c751e8b465ee728b) (PreviewImporter) -> (artifact id: 'e1eecb0b16218389b2fef3fe0400350d') in 0.0014171 seconds
Number of updated asset objects reloaded before import = 0Number of asset objects unloaded after import = 1

========================================================================
Received Import Request.
  Time since last request: 0.000019 seconds.
  path: Assets/XRI Starter Kit/Hands & Poses/Robot Hand/Poses/Pose_HandGun.asset
  artifactKey: Guid(a7811335a49948a4d8a7918249134c3b) Importer(815301076,1909f56bfc062723c751e8b465ee728b)
Start importing Assets/XRI Starter Kit/Hands & Poses/Robot Hand/Poses/Pose_HandGun.asset using Guid(a7811335a49948a4d8a7918249134c3b) Importer(815301076,1909f56bfc062723c751e8b465ee728b) (PreviewImporter) -> (artifact id: '95a39da238b63f2da198d2e984db3a1e') in 0.0011963 seconds
Number of updated asset objects reloaded before import = 0Number of asset objects unloaded after import = 1

========================================================================
Received Import Request.
  Time since last request: 0.000021 seconds.
  path: Assets/XRI Starter Kit/Hands & Poses/Robot Hand/Poses/Pose_Bow.asset
  artifactKey: Guid(726cdee1ee7908643a7cc211b04b91a9) Importer(815301076,1909f56bfc062723c751e8b465ee728b)
Start importing Assets/XRI Starter Kit/Hands & Poses/Robot Hand/Poses/Pose_Bow.asset using Guid(726cdee1ee7908643a7cc211b04b91a9) Importer(815301076,1909f56bfc062723c751e8b465ee728b) (PreviewImporter) -> (artifact id: 'c5d19ebf320fac3d8611c0fa0f255e3f') in 0.0014009 seconds
Number of updated asset objects reloaded before import = 0Number of asset objects unloaded after import = 1

========================================================================
Received Import Request.
  Time since last request: 0.000021 seconds.
  path: Assets/XRI Starter Kit/Hands & Poses/Robot Hand/Poses/Pose_GunHold.asset
  artifactKey: Guid(7491dd184f9a9b04cbbe8437fe55ae09) Importer(815301076,1909f56bfc062723c751e8b465ee728b)
Start importing Assets/XRI Starter Kit/Hands & Poses/Robot Hand/Poses/Pose_GunHold.asset using Guid(7491dd184f9a9b04cbbe8437fe55ae09) Importer(815301076,1909f56bfc062723c751e8b465ee728b) (PreviewImporter) -> (artifact id: '796a63fc685c33a70e05950756989a18') in 0.0012767 seconds
Number of updated asset objects reloaded before import = 0Number of asset objects unloaded after import = 1

========================================================================
Received Import Request.
  Time since last request: 0.000029 seconds.
  path: Assets/XRI Starter Kit/Hands & Poses/Robot Hand/Poses/Pose_FistOpenThumb.asset
  artifactKey: Guid(85a5e5d9250800545af3df6a70bf74b0) Importer(815301076,1909f56bfc062723c751e8b465ee728b)
Start importing Assets/XRI Starter Kit/Hands & Poses/Robot Hand/Poses/Pose_FistOpenThumb.asset using Guid(85a5e5d9250800545af3df6a70bf74b0) Importer(815301076,1909f56bfc062723c751e8b465ee728b) (PreviewImporter) -> (artifact id: '4ba2abd7da080aaf8e5883702a294b00') in 0.0012068 seconds
Number of updated asset objects reloaded before import = 0Number of asset objects unloaded after import = 1

========================================================================
Received Import Request.
  Time since last request: 0.000022 seconds.
  path: Assets/XRI Starter Kit/Hands & Poses/Robot Hand/Poses/Pose_GunTriggerPull.asset
  artifactKey: Guid(75e5ac1451d9efb46b147dba2d683191) Importer(815301076,1909f56bfc062723c751e8b465ee728b)
Start importing Assets/XRI Starter Kit/Hands & Poses/Robot Hand/Poses/Pose_GunTriggerPull.asset using Guid(75e5ac1451d9efb46b147dba2d683191) Importer(815301076,1909f56bfc062723c751e8b465ee728b) (PreviewImporter) -> (artifact id: '89358b15dc8c7bd2da029c98a2b6465f') in 0.0012192 seconds
Number of updated asset objects reloaded before import = 0Number of asset objects unloaded after import = 1

========================================================================
Received Import Request.
  Time since last request: 3.176757 seconds.
  path: Assets/XRI Starter Kit/XR/Loaders/OculusLoader.asset
  artifactKey: Guid(71757f6021a94db489cb8c8857c759c8) Importer(815301076,1909f56bfc062723c751e8b465ee728b)
Start importing Assets/XRI Starter Kit/XR/Loaders/OculusLoader.asset using Guid(71757f6021a94db489cb8c8857c759c8) Importer(815301076,1909f56bfc062723c751e8b465ee728b) (PreviewImporter) -> (artifact id: 'ed5ac9fa676675c39b62a4c5af534f3f') in 0.0017312 seconds
Number of updated asset objects reloaded before import = 0Number of asset objects unloaded after import = 1

========================================================================
Received Import Request.
  Time since last request: 0.851185 seconds.
  path: Assets/XRI Starter Kit/XR/Settings/OculusSettings.asset
  artifactKey: Guid(acd152faa977bfa4f9a3792c24e9b2cc) Importer(815301076,1909f56bfc062723c751e8b465ee728b)
Start importing Assets/XRI Starter Kit/XR/Settings/OculusSettings.asset using Guid(acd152faa977bfa4f9a3792c24e9b2cc) Importer(815301076,1909f56bfc062723c751e8b465ee728b) (PreviewImporter) -> (artifact id: 'ad6faa412858f1eaa959bc95a13987cb') in 0.0018092 seconds
Number of updated asset objects reloaded before import = 0Number of asset objects unloaded after import = 1

========================================================================
Received Import Request.
  Time since last request: 0.000036 seconds.
  path: Assets/XRI Starter Kit/XR/Settings/OpenXRPackageSettings.asset
  artifactKey: Guid(2f6395cfe0d7006418effd6c4e739361) Importer(815301076,1909f56bfc062723c751e8b465ee728b)
Start importing Assets/XRI Starter Kit/XR/Settings/OpenXRPackageSettings.asset using Guid(2f6395cfe0d7006418effd6c4e739361) Importer(815301076,1909f56bfc062723c751e8b465ee728b) (PreviewImporter) -> (artifact id: 'a91b7e5ddf41720d457e7351daf468ef') in 0.0074448 seconds
Number of updated asset objects reloaded before import = 0Number of asset objects unloaded after import = 39

========================================================================
Received Import Request.
  Time since last request: 2.794928 seconds.
  path: Assets/XRI Starter Kit/XRI/Settings
  artifactKey: Guid(70f89941d930be849a262e603f98e3ef) Importer(815301076,1909f56bfc062723c751e8b465ee728b)
Start importing Assets/XRI Starter Kit/XRI/Settings using Guid(70f89941d930be849a262e603f98e3ef) Importer(815301076,1909f56bfc062723c751e8b465ee728b) (PreviewImporter) -> (artifact id: '220e26256808dd4f81389e80147cd71a') in 0.0004967 seconds
Number of updated asset objects reloaded before import = 0Number of asset objects unloaded after import = 0

========================================================================
Received Import Request.
  Time since last request: 0.082115 seconds.
  path: Assets/XRI Starter Kit/XRI/Settings/XRInteractionEditorSettings.asset
  artifactKey: Guid(88052a7df02955441b0e2129a128341b) Importer(815301076,1909f56bfc062723c751e8b465ee728b)
Start importing Assets/XRI Starter Kit/XRI/Settings/XRInteractionEditorSettings.asset using Guid(88052a7df02955441b0e2129a128341b) Importer(815301076,1909f56bfc062723c751e8b465ee728b) (PreviewImporter) -> (artifact id: '8ac590b07a9178905be94c24791c1b16') in 0.0020791 seconds
Number of updated asset objects reloaded before import = 0Number of asset objects unloaded after import = 1

========================================================================
Received Import Request.
  Time since last request: 0.728245 seconds.
  path: Assets/XRI Starter Kit/XRI/Settings/Resources
  artifactKey: Guid(82fd2d654b9360840a858c235aa016ef) Importer(815301076,1909f56bfc062723c751e8b465ee728b)
Start importing Assets/XRI Starter Kit/XRI/Settings/Resources using Guid(82fd2d654b9360840a858c235aa016ef) Importer(815301076,1909f56bfc062723c751e8b465ee728b) (PreviewImporter) -> (artifact id: '0da6c59f2825424f3a90a44713a2b97d') in 0.0005236 seconds
Number of updated asset objects reloaded before import = 0Number of asset objects unloaded after import = 0

========================================================================
Received Import Request.
  Time since last request: 0.024662 seconds.
  path: Assets/XRI Starter Kit/XRI/Settings/Resources/XRDeviceSimulatorSettings.asset
  artifactKey: Guid(ecaaf479f05451c4e8e9bde3dfb67e4a) Importer(815301076,1909f56bfc062723c751e8b465ee728b)
Start importing Assets/XRI Starter Kit/XRI/Settings/Resources/XRDeviceSimulatorSettings.asset using Guid(ecaaf479f05451c4e8e9bde3dfb67e4a) Importer(815301076,1909f56bfc062723c751e8b465ee728b) (PreviewImporter) -> (artifact id: '93d6dd130c838fc66892bce1560acfa7') in 1.0270029 seconds
Number of updated asset objects reloaded before import = 0Number of asset objects unloaded after import = 825

========================================================================
Received Prepare
Refreshing native plugins compatible for Editor in 19.31 ms, found 12 plugins.
Preloading 1 native plugins for Editor in 0.07 ms.
Unloading 35 Unused Serialized files (Serialized files now loaded: 0)
Unloading 7238 unused Assets / (7.7 MB). Loaded Objects now: 8289.
Memory consumption went from 190.9 MB to 183.2 MB.
Total: 23.082300 ms (FindLiveObjects: 1.404700 ms CreateObjectMapping: 1.321900 ms MarkObjects: 13.060100 ms  DeleteObjects: 7.294200 ms)

Prepare: number of updated asset objects reloaded= 17
========================================================================
Received Prepare
Begin MonoManager ReloadAssembly
Symbol file LoadedFromMemory is not a mono symbol file
- Loaded All Assemblies, in  1.146 seconds
Refreshing native plugins compatible for Editor in 15.30 ms, found 12 plugins.
Native extension for WindowsStandalone target not found
[Package Manager] Failed to launch server process. Reason: Unity was launched with the -noUpm command-line argument
[Package Manager] Unable to send message (not connected to server process).
[Package Manager] Cannot connect to Unity Package Manager local server
System.NullReferenceException: Object reference not set to an instance of an object
  at UnityEditor.XR.Interaction.Toolkit.Analytics.XRIAnalytics..cctor () [0x00000] in .\Library\PackageCache\com.unity.xr.interaction.toolkit@42ef3600567b\Editor\Analytics\XRIAnalytics.cs:32 
UnityEngine.Debug:ExtractStackTraceNoAlloc (byte*,int,string)
UnityEngine.StackTraceUtility:ExtractStackTrace ()
UnityEngine.DebugLogHandler:Internal_Log (UnityEngine.LogType,UnityEngine.LogOption,string,UnityEngine.Object)
UnityEngine.DebugLogHandler:LogFormat (UnityEngine.LogType,UnityEngine.Object,string,object[])
UnityEngine.Logger:Log (UnityEngine.LogType,object)
UnityEngine.Debug:LogError (object)
UnityEditor.EditorAssemblies:ProcessInitializeOnLoadAttributes (System.Type[])

System.Reflection.TargetInvocationException: Exception has been thrown by the target of an invocation. ---> System.NullReferenceException: Object reference not set to an instance of an object
  at Unity.XR.Oculus.OculusLoader.AssetPathToAbsolutePath (System.String assetPath) [0x0003d] in .\Library\PackageCache\com.unity.xr.oculus@f23ad2c521e1\Runtime\OculusLoader.cs:312 
  at Unity.XR.Oculus.OculusLoader.EditorLoadOVRPlugin () [0x0008c] in .\Library\PackageCache\com.unity.xr.oculus@f23ad2c521e1\Runtime\OculusLoader.cs:297 
  at (wrapper managed-to-native) System.Reflection.RuntimeMethodInfo.InternalInvoke(System.Reflection.RuntimeMethodInfo,object,object[],System.Exception&)
  at System.Reflection.RuntimeMethodInfo.Invoke (System.Object obj, System.Reflection.BindingFlags invokeAttr, System.Reflection.Binder binder, System.Object[] parameters, System.Globalization.CultureInfo culture) [0x0006a] in <13c0c460649d4ce49f991e2c222fa635>:0 
   --- End of inner exception stack trace ---
  at System.Reflection.RuntimeMethodInfo.Invoke (System.Object obj, System.Reflection.BindingFlags invokeAttr, System.Reflection.Binder binder, System.Object[] parameters, System.Globalization.CultureInfo culture) [0x00083] in <13c0c460649d4ce49f991e2c222fa635>:0 
  at System.Reflection.MethodBase.Invoke (System.Object obj, System.Object[] parameters) [0x00000] in <13c0c460649d4ce49f991e2c222fa635>:0 
  at UnityEditor.EditorAssemblies.ProcessInitializeOnLoadMethodAttributes () [0x00056] in <95707308f6f3498991e9df8902fe97ba>:0 
UnityEngine.Debug:ExtractStackTraceNoAlloc (byte*,int,string)
UnityEngine.StackTraceUtility:ExtractStackTrace ()
UnityEngine.DebugLogHandler:Internal_Log (UnityEngine.LogType,UnityEngine.LogOption,string,UnityEngine.Object)
UnityEngine.DebugLogHandler:LogFormat (UnityEngine.LogType,UnityEngine.Object,string,object[])
UnityEngine.Logger:Log (UnityEngine.LogType,object)
UnityEngine.Debug:LogError (object)
UnityEditor.EditorAssemblies:ProcessInitializeOnLoadMethodAttributes ()

Mono: successfully reloaded assembly
[Package Manager] Failed to launch server process. Reason: Unity was launched with the -noUpm command-line argument
[Package Manager] Unable to send message (not connected to server process).
[Package Manager] Cannot connect to Unity Package Manager local server
- Finished resetting the current domain, in  1.249 seconds
Domain Reload Profiling: 2396ms
	BeginReloadAssembly (336ms)
		ExecutionOrderSort (0ms)
		DisableScriptedObjects (24ms)
		BackupInstance (0ms)
		ReleaseScriptingObjects (0ms)
		CreateAndSetChildDomain (84ms)
	RebuildCommonClasses (57ms)
	RebuildNativeTypeToScriptingClass (16ms)
	initialDomainReloadingComplete (34ms)
	LoadAllAssembliesAndSetupDomain (704ms)
		LoadAssemblies (525ms)
		RebuildTransferFunctionScriptingTraits (0ms)
		AnalyzeDomain (350ms)
			TypeCache.Refresh (16ms)
				TypeCache.ScanAssembly (1ms)
			BuildScriptInfoCaches (310ms)
			ResolveRequiredComponents (19ms)
	FinalizeReload (1250ms)
		ReleaseScriptCaches (0ms)
		RebuildScriptCaches (0ms)
		SetupLoadedEditorAssemblies (987ms)
			LogAssemblyErrors (0ms)
			InitializePlatformSupportModulesInManaged (2ms)
			SetLoadedEditorAssemblies (6ms)
			BeforeProcessingInitializeOnLoad (166ms)
			ProcessInitializeOnLoadAttributes (626ms)
			ProcessInitializeOnLoadMethodAttributes (182ms)
			AfterProcessingInitializeOnLoad (4ms)
			EditorAssembliesLoaded (0ms)
		ExecutionOrderSort2 (0ms)
		AwakeInstancesAfterBackupRestoration (14ms)
Shader 'TextMeshPro/Distance Field SSD': fallback shader 'TextMeshPro/Mobile/Distance Field' not found
Refreshing native plugins compatible for Editor in 19.23 ms, found 12 plugins.
Preloading 1 native plugins for Editor in 0.07 ms.
Unloading 35 Unused Serialized files (Serialized files now loaded: 0)
Unloading 7274 unused Assets / (7.3 MB). Loaded Objects now: 8173.
Memory consumption went from 182.4 MB to 175.1 MB.
Total: 18.482900 ms (FindLiveObjects: 1.435200 ms CreateObjectMapping: 1.281200 ms MarkObjects: 9.135900 ms  DeleteObjects: 6.629100 ms)

Prepare: number of updated asset objects reloaded= 0
========================================================================
Received Import Request.
  Time since last request: 66.569447 seconds.
  path: Assets/XRI Starter Kit/Assets/MiniGames
  artifactKey: Guid(65c67a36000669142bf43f082239ad91) Importer(815301076,1909f56bfc062723c751e8b465ee728b)
Start importing Assets/XRI Starter Kit/Assets/MiniGames using Guid(65c67a36000669142bf43f082239ad91) Importer(815301076,1909f56bfc062723c751e8b465ee728b) (PreviewImporter) -> (artifact id: 'c96042e6a9a356cf9ed13c644b3ffbeb') in 0.0059735 seconds
Number of updated asset objects reloaded before import = 0Number of asset objects unloaded after import = 0

========================================================================
Received Import Request.
  Time since last request: 0.487241 seconds.
  path: Assets/XRI Starter Kit/Assets/MiniGames/ZombieGame
  artifactKey: Guid(1258a196f22bd37439186e8d9f6356d0) Importer(815301076,1909f56bfc062723c751e8b465ee728b)
Start importing Assets/XRI Starter Kit/Assets/MiniGames/ZombieGame using Guid(1258a196f22bd37439186e8d9f6356d0) Importer(815301076,1909f56bfc062723c751e8b465ee728b) (PreviewImporter) -> (artifact id: 'a7df1ec28e586b9e0ee05de823eb0a93') in 0.0005004 seconds
Number of updated asset objects reloaded before import = 0Number of asset objects unloaded after import = 0

========================================================================
Received Import Request.
  Time since last request: 0.449099 seconds.
  path: Assets/XRI Starter Kit/Assets/MiniGames/ZombieGame/Art
  artifactKey: Guid(a94d3c503df8427fa6d2800736d0da40) Importer(815301076,1909f56bfc062723c751e8b465ee728b)
Start importing Assets/XRI Starter Kit/Assets/MiniGames/ZombieGame/Art using Guid(a94d3c503df8427fa6d2800736d0da40) Importer(815301076,1909f56bfc062723c751e8b465ee728b) (PreviewImporter) -> (artifact id: 'f26729b19a877e25bb3f6d578bcf4cea') in 0.0005535 seconds
Number of updated asset objects reloaded before import = 0Number of asset objects unloaded after import = 0

========================================================================
Received Import Request.
  Time since last request: 0.440515 seconds.
  path: Assets/XRI Starter Kit/Assets/MiniGames/ZombieGame/Art/Zombie
  artifactKey: Guid(d6731d21cf6a0474c9faedcabc449c57) Importer(815301076,1909f56bfc062723c751e8b465ee728b)
Start importing Assets/XRI Starter Kit/Assets/MiniGames/ZombieGame/Art/Zombie using Guid(d6731d21cf6a0474c9faedcabc449c57) Importer(815301076,1909f56bfc062723c751e8b465ee728b) (PreviewImporter) -> (artifact id: 'beffbdfbbd42c717f308db9537603587') in 0.000563 seconds
Number of updated asset objects reloaded before import = 0Number of asset objects unloaded after import = 0

========================================================================
Received Import Request.
  Time since last request: 0.635232 seconds.
  path: Assets/XRI Starter Kit/Assets/MiniGames/ZombieGame/Art/Zombie/Materials
  artifactKey: Guid(94f5d468d36b66646ab4ae586a973f49) Importer(815301076,1909f56bfc062723c751e8b465ee728b)
Start importing Assets/XRI Starter Kit/Assets/MiniGames/ZombieGame/Art/Zombie/Materials using Guid(94f5d468d36b66646ab4ae586a973f49) Importer(815301076,1909f56bfc062723c751e8b465ee728b) (PreviewImporter) -> (artifact id: '01b436cbfcec876acacc9be706b99990') in 0.0005353 seconds
Number of updated asset objects reloaded before import = 0Number of asset objects unloaded after import = 0

========================================================================
Received Import Request.
  Time since last request: 0.531262 seconds.
  path: Assets/XRI Starter Kit/Assets/MiniGames/ZombieGame/Art/Zombie/Materials/world_war_zombie_diffuse.mat
  artifactKey: Guid(a612a7e69f0e7104f865955e9b26df0a) Importer(815301076,1909f56bfc062723c751e8b465ee728b)
Start importing Assets/XRI Starter Kit/Assets/MiniGames/ZombieGame/Art/Zombie/Materials/world_war_zombie_diffuse.mat using Guid(a612a7e69f0e7104f865955e9b26df0a) Importer(815301076,1909f56bfc062723c751e8b465ee728b) (PreviewImporter) -> (artifact id: 'fb7fed0d7779b3d0ccd7790d5e235f7d') in 0.5482991 seconds
Number of updated asset objects reloaded before import = 0Number of asset objects unloaded after import = 2

========================================================================
Received Import Request.
  Time since last request: 5.801354 seconds.
  path: Assets/XRI Starter Kit/Assets/MiniGames/ZombieGame/Art/Zombie/Warzombie F Pedroso.fbm
  artifactKey: Guid(4c9856d73f6b17a47a7eba9126e122df) Importer(815301076,1909f56bfc062723c751e8b465ee728b)
Start importing Assets/XRI Starter Kit/Assets/MiniGames/ZombieGame/Art/Zombie/Warzombie F Pedroso.fbm using Guid(4c9856d73f6b17a47a7eba9126e122df) Importer(815301076,1909f56bfc062723c751e8b465ee728b) (PreviewImporter) -> (artifact id: '2ab95dcbefcd606c5de0ab528fe87eb4') in 0.0005924 seconds
Number of updated asset objects reloaded before import = 0Number of asset objects unloaded after import = 0

========================================================================
Received Import Request.
  Time since last request: 0.002306 seconds.
  path: Assets/XRI Starter Kit/Assets/MiniGames/ZombieGame/Art/Zombie/Warzombie F Pedroso.fbm/world_war_zombie_specular.png
  artifactKey: Guid(de61f4b9828fe8347adcc29fc714bfc1) Importer(815301076,1909f56bfc062723c751e8b465ee728b)
Start importing Assets/XRI Starter Kit/Assets/MiniGames/ZombieGame/Art/Zombie/Warzombie F Pedroso.fbm/world_war_zombie_specular.png using Guid(de61f4b9828fe8347adcc29fc714bfc1) Importer(815301076,1909f56bfc062723c751e8b465ee728b) (PreviewImporter) -> (artifact id: '49aed3dc7d8ff1aa86b020304d43c037') in 0.0145372 seconds
Number of updated asset objects reloaded before import = 0Number of asset objects unloaded after import = 2

========================================================================
Received Prepare
Begin MonoManager ReloadAssembly
Symbol file LoadedFromMemory is not a mono symbol file
- Loaded All Assemblies, in  1.078 seconds
Refreshing native plugins compatible for Editor in 13.79 ms, found 12 plugins.
Native extension for WindowsStandalone target not found
[Package Manager] Failed to launch server process. Reason: Unity was launched with the -noUpm command-line argument
[Package Manager] Unable to send message (not connected to server process).
[Package Manager] Cannot connect to Unity Package Manager local server
System.NullReferenceException: Object reference not set to an instance of an object
  at UnityEditor.XR.Interaction.Toolkit.Analytics.XRIAnalytics..cctor () [0x00000] in .\Library\PackageCache\com.unity.xr.interaction.toolkit@42ef3600567b\Editor\Analytics\XRIAnalytics.cs:32 
UnityEngine.Debug:ExtractStackTraceNoAlloc (byte*,int,string)
UnityEngine.StackTraceUtility:ExtractStackTrace ()
UnityEngine.DebugLogHandler:Internal_Log (UnityEngine.LogType,UnityEngine.LogOption,string,UnityEngine.Object)
UnityEngine.DebugLogHandler:LogFormat (UnityEngine.LogType,UnityEngine.Object,string,object[])
UnityEngine.Logger:Log (UnityEngine.LogType,object)
UnityEngine.Debug:LogError (object)
UnityEditor.EditorAssemblies:ProcessInitializeOnLoadAttributes (System.Type[])

System.Reflection.TargetInvocationException: Exception has been thrown by the target of an invocation. ---> System.NullReferenceException: Object reference not set to an instance of an object
  at Unity.XR.Oculus.OculusLoader.AssetPathToAbsolutePath (System.String assetPath) [0x0003d] in .\Library\PackageCache\com.unity.xr.oculus@f23ad2c521e1\Runtime\OculusLoader.cs:312 
  at Unity.XR.Oculus.OculusLoader.EditorLoadOVRPlugin () [0x0008c] in .\Library\PackageCache\com.unity.xr.oculus@f23ad2c521e1\Runtime\OculusLoader.cs:297 
  at (wrapper managed-to-native) System.Reflection.RuntimeMethodInfo.InternalInvoke(System.Reflection.RuntimeMethodInfo,object,object[],System.Exception&)
  at System.Reflection.RuntimeMethodInfo.Invoke (System.Object obj, System.Reflection.BindingFlags invokeAttr, System.Reflection.Binder binder, System.Object[] parameters, System.Globalization.CultureInfo culture) [0x0006a] in <13c0c460649d4ce49f991e2c222fa635>:0 
   --- End of inner exception stack trace ---
  at System.Reflection.RuntimeMethodInfo.Invoke (System.Object obj, System.Reflection.BindingFlags invokeAttr, System.Reflection.Binder binder, System.Object[] parameters, System.Globalization.CultureInfo culture) [0x00083] in <13c0c460649d4ce49f991e2c222fa635>:0 
  at System.Reflection.MethodBase.Invoke (System.Object obj, System.Object[] parameters) [0x00000] in <13c0c460649d4ce49f991e2c222fa635>:0 
  at UnityEditor.EditorAssemblies.ProcessInitializeOnLoadMethodAttributes () [0x00056] in <95707308f6f3498991e9df8902fe97ba>:0 
UnityEngine.Debug:ExtractStackTraceNoAlloc (byte*,int,string)
UnityEngine.StackTraceUtility:ExtractStackTrace ()
UnityEngine.DebugLogHandler:Internal_Log (UnityEngine.LogType,UnityEngine.LogOption,string,UnityEngine.Object)
UnityEngine.DebugLogHandler:LogFormat (UnityEngine.LogType,UnityEngine.Object,string,object[])
UnityEngine.Logger:Log (UnityEngine.LogType,object)
UnityEngine.Debug:LogError (object)
UnityEditor.EditorAssemblies:ProcessInitializeOnLoadMethodAttributes ()

Mono: successfully reloaded assembly
[Package Manager] Failed to launch server process. Reason: Unity was launched with the -noUpm command-line argument
[Package Manager] Unable to send message (not connected to server process).
[Package Manager] Cannot connect to Unity Package Manager local server
- Finished resetting the current domain, in  1.211 seconds
Domain Reload Profiling: 2291ms
	BeginReloadAssembly (316ms)
		ExecutionOrderSort (0ms)
		DisableScriptedObjects (26ms)
		BackupInstance (0ms)
		ReleaseScriptingObjects (0ms)
		CreateAndSetChildDomain (65ms)
	RebuildCommonClasses (44ms)
	RebuildNativeTypeToScriptingClass (20ms)
	initialDomainReloadingComplete (36ms)
	LoadAllAssembliesAndSetupDomain (663ms)
		LoadAssemblies (528ms)
		RebuildTransferFunctionScriptingTraits (0ms)
		AnalyzeDomain (308ms)
			TypeCache.Refresh (9ms)
				TypeCache.ScanAssembly (0ms)
			BuildScriptInfoCaches (273ms)
			ResolveRequiredComponents (21ms)
	FinalizeReload (1212ms)
		ReleaseScriptCaches (0ms)
		RebuildScriptCaches (0ms)
		SetupLoadedEditorAssemblies (938ms)
			LogAssemblyErrors (0ms)
			InitializePlatformSupportModulesInManaged (3ms)
			SetLoadedEditorAssemblies (6ms)
			BeforeProcessingInitializeOnLoad (161ms)
			ProcessInitializeOnLoadAttributes (601ms)
			ProcessInitializeOnLoadMethodAttributes (164ms)
			AfterProcessingInitializeOnLoad (3ms)
			EditorAssembliesLoaded (0ms)
		ExecutionOrderSort2 (0ms)
		AwakeInstancesAfterBackupRestoration (21ms)
Shader 'TextMeshPro/Distance Field SSD': fallback shader 'TextMeshPro/Mobile/Distance Field' not found
Refreshing native plugins compatible for Editor in 19.13 ms, found 12 plugins.
Preloading 1 native plugins for Editor in 0.07 ms.
Unloading 35 Unused Serialized files (Serialized files now loaded: 0)
Unloading 7275 unused Assets / (7.0 MB). Loaded Objects now: 8196.
Memory consumption went from 187.4 MB to 180.4 MB.
Total: 17.647400 ms (FindLiveObjects: 1.371000 ms CreateObjectMapping: 1.441300 ms MarkObjects: 8.796200 ms  DeleteObjects: 6.037300 ms)

Prepare: number of updated asset objects reloaded= 0
